EXPERIMENT NUMBER;SERVER;TAG;VALUE;DATE;DURATION;REPEATS;TAGS AMMOUNT;LAPSE;SERVER AMMOUNT
EXPERIMENT_1;yonosoysantiago 127.0.0.1:50001;TAG_#0;19;2023-03-07 21:25:44.0;5;2;5;100;2
EXPERIMENT_1;yonosoysantiago 127.0.0.1:50001;TAG_#1;68;2023-03-07 21:25:44.0;5;2;5;100;2
EXPERIMENT_1;yonosoysantiago 127.0.0.1:50001;TAG_#2;68;2023-03-07 21:25:44.0;5;2;5;100;2
EXPERIMENT_1;yonosoysantiago 127.0.0.1:50001;TAG_#3;68;2023-03-07 21:25:44.0;5;2;5;100;2
EXPERIMENT_1;yonosoysantiago 127.0.0.1:50001;TAG_#4;68;2023-03-07 21:25:44.0;5;2;5;100;2
EXPERIMENT_1;yonosoysantiago 127.0.0.1:50000;TAG_#0;19;2023-03-07 21:25:44.0;5;2;5;100;2
EXPERIMENT_1;yonosoysantiago 127.0.0.1:50000;TAG_#1;68;2023-03-07 21:25:44.0;5;2;5;100;2
EXPERIMENT_1;yonosoysantiago 127.0.0.1:50000;TAG_#2;68;2023-03-07 21:25:44.0;5;2;5;100;2
EXPERIMENT_1;yonosoysantiago 127.0.0.1:50000;TAG_#3;68;2023-03-07 21:25:44.0;5;2;5;100;2
EXPERIMENT_1;yonosoysantiago 127.0.0.1:50000;TAG_#4;68;2023-03-07 21:25:44.0;5;2;5;100;2
EXPERIMENT_1;yonosoysantiago 127.0.0.1:50000;TAG_#0;45;2023-03-07 21:25:44.0;5;2;5;100;2
EXPERIMENT_1;yonosoysantiago 127.0.0.1:50000;TAG_#1;45;2023-03-07 21:25:44.0;5;2;5;100;2
EXPERIMENT_1;yonosoysantiago 127.0.0.1:50000;TAG_#2;45;2023-03-07 21:25:44.0;5;2;5;100;2
EXPERIMENT_1;yonosoysantiago 127.0.0.1:50000;TAG_#3;45;2023-03-07 21:25:44.0;5;2;5;100;2
EXPERIMENT_1;yonosoysantiago 127.0.0.1:50000;TAG_#4;45;2023-03-07 21:25:44.0;5;2;5;100;2
EXPERIMENT_1;yonosoysantiago 127.0.0.1:50001;TAG_#0;45;2023-03-07 21:25:44.0;5;2;5;100;2
EXPERIMENT_1;yonosoysantiago 127.0.0.1:50001;TAG_#1;45;2023-03-07 21:25:44.0;5;2;5;100;2
EXPERIMENT_1;yonosoysantiago 127.0.0.1:50001;TAG_#2;45;2023-03-07 21:25:44.0;5;2;5;100;2
EXPERIMENT_1;yonosoysantiago 127.0.0.1:50001;TAG_#3;45;2023-03-07 21:25:44.0;5;2;5;100;2
EXPERIMENT_1;yonosoysantiago 127.0.0.1:50001;TAG_#4;45;2023-03-07 21:25:44.0;5;2;5;100;2
EXPERIMENT_1;yonosoysantiago 127.0.0.1:50001;TAG_#0;39;2023-03-07 21:25:45.0;5;2;5;100;2
EXPERIMENT_1;yonosoysantiago 127.0.0.1:50001;TAG_#1;39;2023-03-07 21:25:45.0;5;2;5;100;2
EXPERIMENT_1;yonosoysantiago 127.0.0.1:50001;TAG_#2;39;2023-03-07 21:25:45.0;5;2;5;100;2
EXPERIMENT_1;yonosoysantiago 127.0.0.1:50001;TAG_#3;39;2023-03-07 21:25:45.0;5;2;5;100;2
EXPERIMENT_1;yonosoysantiago 127.0.0.1:50001;TAG_#4;39;2023-03-07 21:25:45.0;5;2;5;100;2
EXPERIMENT_1;yonosoysantiago 127.0.0.1:50000;TAG_#0;39;2023-03-07 21:25:45.0;5;2;5;100;2
EXPERIMENT_1;yonosoysantiago 127.0.0.1:50000;TAG_#1;39;2023-03-07 21:25:45.0;5;2;5;100;2
EXPERIMENT_1;yonosoysantiago 127.0.0.1:50000;TAG_#2;39;2023-03-07 21:25:45.0;5;2;5;100;2
EXPERIMENT_1;yonosoysantiago 127.0.0.1:50000;TAG_#3;39;2023-03-07 21:25:45.0;5;2;5;100;2
EXPERIMENT_1;yonosoysantiago 127.0.0.1:50000;TAG_#4;39;2023-03-07 21:25:45.0;5;2;5;100;2
EXPERIMENT_1;yonosoysantiago 127.0.0.1:50001;TAG_#0;50;2023-03-07 21:25:45.0;5;2;5;100;2
EXPERIMENT_1;yonosoysantiago 127.0.0.1:50001;TAG_#1;50;2023-03-07 21:25:45.0;5;2;5;100;2
EXPERIMENT_1;yonosoysantiago 127.0.0.1:50001;TAG_#2;50;2023-03-07 21:25:45.0;5;2;5;100;2
EXPERIMENT_1;yonosoysantiago 127.0.0.1:50001;TAG_#3;50;2023-03-07 21:25:45.0;5;2;5;100;2
EXPERIMENT_1;yonosoysantiago 127.0.0.1:50001;TAG_#4;50;2023-03-07 21:25:45.0;5;2;5;100;2
EXPERIMENT_1;yonosoysantiago 127.0.0.1:50000;TAG_#0;50;2023-03-07 21:25:45.0;5;2;5;100;2
EXPERIMENT_1;yonosoysantiago 127.0.0.1:50000;TAG_#1;50;2023-03-07 21:25:45.0;5;2;5;100;2
EXPERIMENT_1;yonosoysantiago 127.0.0.1:50000;TAG_#2;50;2023-03-07 21:25:45.0;5;2;5;100;2
EXPERIMENT_1;yonosoysantiago 127.0.0.1:50000;TAG_#3;50;2023-03-07 21:25:45.0;5;2;5;100;2
EXPERIMENT_1;yonosoysantiago 127.0.0.1:50000;TAG_#4;50;2023-03-07 21:25:45.0;5;2;5;100;2
EXPERIMENT_1;yonosoysantiago 127.0.0.1:50000;TAG_#0;20;2023-03-07 21:25:45.0;5;2;5;100;2
EXPERIMENT_1;yonosoysantiago 127.0.0.1:50000;TAG_#1;20;2023-03-07 21:25:45.0;5;2;5;100;2
EXPERIMENT_1;yonosoysantiago 127.0.0.1:50000;TAG_#2;20;2023-03-07 21:25:45.0;5;2;5;100;2
EXPERIMENT_1;yonosoysantiago 127.0.0.1:50000;TAG_#3;20;2023-03-07 21:25:45.0;5;2;5;100;2
EXPERIMENT_1;yonosoysantiago 127.0.0.1:50000;TAG_#4;20;2023-03-07 21:25:45.0;5;2;5;100;2
EXPERIMENT_1;yonosoysantiago 127.0.0.1:50001;TAG_#0;20;2023-03-07 21:25:45.0;5;2;5;100;2
EXPERIMENT_1;yonosoysantiago 127.0.0.1:50001;TAG_#1;20;2023-03-07 21:25:45.0;5;2;5;100;2
EXPERIMENT_1;yonosoysantiago 127.0.0.1:50001;TAG_#2;20;2023-03-07 21:25:45.0;5;2;5;100;2
EXPERIMENT_1;yonosoysantiago 127.0.0.1:50001;TAG_#3;20;2023-03-07 21:25:45.0;5;2;5;100;2
EXPERIMENT_1;yonosoysantiago 127.0.0.1:50001;TAG_#4;20;2023-03-07 21:25:45.0;5;2;5;100;2
EXPERIMENT_1;yonosoysantiago 127.0.0.1:50000;TAG_#0;92;2023-03-07 21:25:45.0;5;2;5;100;2
EXPERIMENT_1;yonosoysantiago 127.0.0.1:50000;TAG_#1;92;2023-03-07 21:25:45.0;5;2;5;100;2
EXPERIMENT_1;yonosoysantiago 127.0.0.1:50000;TAG_#2;92;2023-03-07 21:25:45.0;5;2;5;100;2
EXPERIMENT_1;yonosoysantiago 127.0.0.1:50000;TAG_#3;92;2023-03-07 21:25:45.0;5;2;5;100;2
EXPERIMENT_1;yonosoysantiago 127.0.0.1:50000;TAG_#4;92;2023-03-07 21:25:45.0;5;2;5;100;2
EXPERIMENT_1;yonosoysantiago 127.0.0.1:50001;TAG_#0;92;2023-03-07 21:25:45.0;5;2;5;100;2
EXPERIMENT_1;yonosoysantiago 127.0.0.1:50001;TAG_#1;92;2023-03-07 21:25:45.0;5;2;5;100;2
EXPERIMENT_1;yonosoysantiago 127.0.0.1:50001;TAG_#2;92;2023-03-07 21:25:45.0;5;2;5;100;2
EXPERIMENT_1;yonosoysantiago 127.0.0.1:50001;TAG_#3;92;2023-03-07 21:25:45.0;5;2;5;100;2
EXPERIMENT_1;yonosoysantiago 127.0.0.1:50001;TAG_#4;92;2023-03-07 21:25:45.0;5;2;5;100;2
EXPERIMENT_1;yonosoysantiago 127.0.0.1:50000;TAG_#0;70;2023-03-07 21:25:45.0;5;2;5;100;2
EXPERIMENT_1;yonosoysantiago 127.0.0.1:50000;TAG_#1;99;2023-03-07 21:25:45.0;5;2;5;100;2
EXPERIMENT_1;yonosoysantiago 127.0.0.1:50000;TAG_#2;99;2023-03-07 21:25:45.0;5;2;5;100;2
EXPERIMENT_1;yonosoysantiago 127.0.0.1:50000;TAG_#3;99;2023-03-07 21:25:45.0;5;2;5;100;2
EXPERIMENT_1;yonosoysantiago 127.0.0.1:50000;TAG_#4;99;2023-03-07 21:25:45.0;5;2;5;100;2
EXPERIMENT_1;yonosoysantiago 127.0.0.1:50001;TAG_#0;73;2023-03-07 21:25:45.0;5;2;5;100;2
EXPERIMENT_1;yonosoysantiago 127.0.0.1:50001;TAG_#1;73;2023-03-07 21:25:45.0;5;2;5;100;2
EXPERIMENT_1;yonosoysantiago 127.0.0.1:50001;TAG_#2;73;2023-03-07 21:25:45.0;5;2;5;100;2
EXPERIMENT_1;yonosoysantiago 127.0.0.1:50001;TAG_#3;73;2023-03-07 21:25:45.0;5;2;5;100;2
EXPERIMENT_1;yonosoysantiago 127.0.0.1:50001;TAG_#4;73;2023-03-07 21:25:45.0;5;2;5;100;2
EXPERIMENT_1;yonosoysantiago 127.0.0.1:50000;TAG_#0;38;2023-03-07 21:25:45.0;5;2;5;100;2
EXPERIMENT_1;yonosoysantiago 127.0.0.1:50000;TAG_#1;38;2023-03-07 21:25:45.0;5;2;5;100;2
EXPERIMENT_1;yonosoysantiago 127.0.0.1:50000;TAG_#2;38;2023-03-07 21:25:45.0;5;2;5;100;2
EXPERIMENT_1;yonosoysantiago 127.0.0.1:50000;TAG_#3;38;2023-03-07 21:25:45.0;5;2;5;100;2
EXPERIMENT_1;yonosoysantiago 127.0.0.1:50000;TAG_#4;38;2023-03-07 21:25:45.0;5;2;5;100;2
EXPERIMENT_1;yonosoysantiago 127.0.0.1:50001;TAG_#0;38;2023-03-07 21:25:45.0;5;2;5;100;2
EXPERIMENT_1;yonosoysantiago 127.0.0.1:50001;TAG_#1;38;2023-03-07 21:25:45.0;5;2;5;100;2
EXPERIMENT_1;yonosoysantiago 127.0.0.1:50001;TAG_#2;38;2023-03-07 21:25:45.0;5;2;5;100;2
EXPERIMENT_1;yonosoysantiago 127.0.0.1:50001;TAG_#3;38;2023-03-07 21:25:45.0;5;2;5;100;2
EXPERIMENT_1;yonosoysantiago 127.0.0.1:50001;TAG_#4;38;2023-03-07 21:25:45.0;5;2;5;100;2
EXPERIMENT_1;yonosoysantiago 127.0.0.1:50001;TAG_#0;23;2023-03-07 21:25:45.0;5;2;5;100;2
EXPERIMENT_1;yonosoysantiago 127.0.0.1:50001;TAG_#1;23;2023-03-07 21:25:45.0;5;2;5;100;2
EXPERIMENT_1;yonosoysantiago 127.0.0.1:50001;TAG_#2;23;2023-03-07 21:25:45.0;5;2;5;100;2
EXPERIMENT_1;yonosoysantiago 127.0.0.1:50001;TAG_#3;23;2023-03-07 21:25:45.0;5;2;5;100;2
EXPERIMENT_1;yonosoysantiago 127.0.0.1:50001;TAG_#4;23;2023-03-07 21:25:45.0;5;2;5;100;2
EXPERIMENT_1;yonosoysantiago 127.0.0.1:50000;TAG_#0;23;2023-03-07 21:25:45.0;5;2;5;100;2
EXPERIMENT_1;yonosoysantiago 127.0.0.1:50000;TAG_#1;23;2023-03-07 21:25:45.0;5;2;5;100;2
EXPERIMENT_1;yonosoysantiago 127.0.0.1:50000;TAG_#2;23;2023-03-07 21:25:45.0;5;2;5;100;2
EXPERIMENT_1;yonosoysantiago 127.0.0.1:50000;TAG_#3;23;2023-03-07 21:25:45.0;5;2;5;100;2
EXPERIMENT_1;yonosoysantiago 127.0.0.1:50000;TAG_#4;23;2023-03-07 21:25:45.0;5;2;5;100;2
EXPERIMENT_1;yonosoysantiago 127.0.0.1:50000;TAG_#0;70;2023-03-07 21:25:45.0;5;2;5;100;2
EXPERIMENT_1;yonosoysantiago 127.0.0.1:50000;TAG_#1;70;2023-03-07 21:25:45.0;5;2;5;100;2
EXPERIMENT_1;yonosoysantiago 127.0.0.1:50000;TAG_#2;70;2023-03-07 21:25:45.0;5;2;5;100;2
EXPERIMENT_1;yonosoysantiago 127.0.0.1:50000;TAG_#3;70;2023-03-07 21:25:45.0;5;2;5;100;2
EXPERIMENT_1;yonosoysantiago 127.0.0.1:50000;TAG_#4;70;2023-03-07 21:25:45.0;5;2;5;100;2
EXPERIMENT_1;yonosoysantiago 127.0.0.1:50001;TAG_#0;70;2023-03-07 21:25:45.0;5;2;5;100;2
EXPERIMENT_1;yonosoysantiago 127.0.0.1:50001;TAG_#1;70;2023-03-07 21:25:45.0;5;2;5;100;2
EXPERIMENT_1;yonosoysantiago 127.0.0.1:50001;TAG_#2;70;2023-03-07 21:25:45.0;5;2;5;100;2
EXPERIMENT_1;yonosoysantiago 127.0.0.1:50001;TAG_#3;70;2023-03-07 21:25:45.0;5;2;5;100;2
EXPERIMENT_1;yonosoysantiago 127.0.0.1:50001;TAG_#4;70;2023-03-07 21:25:45.0;5;2;5;100;2
EXPERIMENT_1;yonosoysantiago 127.0.0.1:50001;TAG_#0;32;2023-03-07 21:25:45.0;5;2;5;100;2
EXPERIMENT_1;yonosoysantiago 127.0.0.1:50001;TAG_#1;32;2023-03-07 21:25:45.0;5;2;5;100;2
EXPERIMENT_1;yonosoysantiago 127.0.0.1:50001;TAG_#2;32;2023-03-07 21:25:45.0;5;2;5;100;2
EXPERIMENT_1;yonosoysantiago 127.0.0.1:50001;TAG_#3;32;2023-03-07 21:25:45.0;5;2;5;100;2
EXPERIMENT_1;yonosoysantiago 127.0.0.1:50001;TAG_#4;32;2023-03-07 21:25:45.0;5;2;5;100;2
EXPERIMENT_1;yonosoysantiago 127.0.0.1:50000;TAG_#0;32;2023-03-07 21:25:45.0;5;2;5;100;2
EXPERIMENT_1;yonosoysantiago 127.0.0.1:50000;TAG_#1;32;2023-03-07 21:25:45.0;5;2;5;100;2
EXPERIMENT_1;yonosoysantiago 127.0.0.1:50000;TAG_#2;32;2023-03-07 21:25:45.0;5;2;5;100;2
EXPERIMENT_1;yonosoysantiago 127.0.0.1:50000;TAG_#3;32;2023-03-07 21:25:45.0;5;2;5;100;2
EXPERIMENT_1;yonosoysantiago 127.0.0.1:50000;TAG_#4;32;2023-03-07 21:25:45.0;5;2;5;100;2
EXPERIMENT_1;yonosoysantiago 127.0.0.1:50001;TAG_#0;73;2023-03-07 21:25:46.0;5;2;5;100;2
EXPERIMENT_1;yonosoysantiago 127.0.0.1:50001;TAG_#1;73;2023-03-07 21:25:46.0;5;2;5;100;2
EXPERIMENT_1;yonosoysantiago 127.0.0.1:50001;TAG_#2;73;2023-03-07 21:25:46.0;5;2;5;100;2
EXPERIMENT_1;yonosoysantiago 127.0.0.1:50001;TAG_#3;73;2023-03-07 21:25:46.0;5;2;5;100;2
EXPERIMENT_1;yonosoysantiago 127.0.0.1:50001;TAG_#4;73;2023-03-07 21:25:46.0;5;2;5;100;2
EXPERIMENT_1;yonosoysantiago 127.0.0.1:50000;TAG_#0;73;2023-03-07 21:25:46.0;5;2;5;100;2
EXPERIMENT_1;yonosoysantiago 127.0.0.1:50000;TAG_#1;73;2023-03-07 21:25:46.0;5;2;5;100;2
EXPERIMENT_1;yonosoysantiago 127.0.0.1:50000;TAG_#2;73;2023-03-07 21:25:46.0;5;2;5;100;2
EXPERIMENT_1;yonosoysantiago 127.0.0.1:50000;TAG_#3;73;2023-03-07 21:25:46.0;5;2;5;100;2
EXPERIMENT_1;yonosoysantiago 127.0.0.1:50000;TAG_#4;73;2023-03-07 21:25:46.0;5;2;5;100;2
EXPERIMENT_1;yonosoysantiago 127.0.0.1:50001;TAG_#0;75;2023-03-07 21:25:46.0;5;2;5;100;2
EXPERIMENT_1;yonosoysantiago 127.0.0.1:50001;TAG_#1;75;2023-03-07 21:25:46.0;5;2;5;100;2
EXPERIMENT_1;yonosoysantiago 127.0.0.1:50001;TAG_#2;75;2023-03-07 21:25:46.0;5;2;5;100;2
EXPERIMENT_1;yonosoysantiago 127.0.0.1:50001;TAG_#3;75;2023-03-07 21:25:46.0;5;2;5;100;2
EXPERIMENT_1;yonosoysantiago 127.0.0.1:50001;TAG_#4;75;2023-03-07 21:25:46.0;5;2;5;100;2
EXPERIMENT_1;yonosoysantiago 127.0.0.1:50000;TAG_#0;75;2023-03-07 21:25:46.0;5;2;5;100;2
EXPERIMENT_1;yonosoysantiago 127.0.0.1:50000;TAG_#1;75;2023-03-07 21:25:46.0;5;2;5;100;2
EXPERIMENT_1;yonosoysantiago 127.0.0.1:50000;TAG_#2;75;2023-03-07 21:25:46.0;5;2;5;100;2
EXPERIMENT_1;yonosoysantiago 127.0.0.1:50000;TAG_#3;75;2023-03-07 21:25:46.0;5;2;5;100;2
EXPERIMENT_1;yonosoysantiago 127.0.0.1:50000;TAG_#4;75;2023-03-07 21:25:46.0;5;2;5;100;2
EXPERIMENT_1;yonosoysantiago 127.0.0.1:50000;TAG_#0;12;2023-03-07 21:25:46.0;5;2;5;100;2
EXPERIMENT_1;yonosoysantiago 127.0.0.1:50000;TAG_#1;12;2023-03-07 21:25:46.0;5;2;5;100;2
EXPERIMENT_1;yonosoysantiago 127.0.0.1:50000;TAG_#2;12;2023-03-07 21:25:46.0;5;2;5;100;2
EXPERIMENT_1;yonosoysantiago 127.0.0.1:50000;TAG_#3;12;2023-03-07 21:25:46.0;5;2;5;100;2
EXPERIMENT_1;yonosoysantiago 127.0.0.1:50000;TAG_#4;12;2023-03-07 21:25:46.0;5;2;5;100;2
EXPERIMENT_1;yonosoysantiago 127.0.0.1:50001;TAG_#0;12;2023-03-07 21:25:46.0;5;2;5;100;2
EXPERIMENT_1;yonosoysantiago 127.0.0.1:50001;TAG_#1;12;2023-03-07 21:25:46.0;5;2;5;100;2
EXPERIMENT_1;yonosoysantiago 127.0.0.1:50001;TAG_#2;12;2023-03-07 21:25:46.0;5;2;5;100;2
EXPERIMENT_1;yonosoysantiago 127.0.0.1:50001;TAG_#3;12;2023-03-07 21:25:46.0;5;2;5;100;2
EXPERIMENT_1;yonosoysantiago 127.0.0.1:50001;TAG_#4;12;2023-03-07 21:25:46.0;5;2;5;100;2
EXPERIMENT_1;yonosoysantiago 127.0.0.1:50000;TAG_#0;13;2023-03-07 21:25:46.0;5;2;5;100;2
EXPERIMENT_1;yonosoysantiago 127.0.0.1:50000;TAG_#1;13;2023-03-07 21:25:46.0;5;2;5;100;2
EXPERIMENT_1;yonosoysantiago 127.0.0.1:50000;TAG_#2;13;2023-03-07 21:25:46.0;5;2;5;100;2
EXPERIMENT_1;yonosoysantiago 127.0.0.1:50000;TAG_#3;13;2023-03-07 21:25:46.0;5;2;5;100;2
EXPERIMENT_1;yonosoysantiago 127.0.0.1:50000;TAG_#4;13;2023-03-07 21:25:46.0;5;2;5;100;2
EXPERIMENT_1;yonosoysantiago 127.0.0.1:50001;TAG_#0;13;2023-03-07 21:25:46.0;5;2;5;100;2
EXPERIMENT_1;yonosoysantiago 127.0.0.1:50001;TAG_#1;13;2023-03-07 21:25:46.0;5;2;5;100;2
EXPERIMENT_1;yonosoysantiago 127.0.0.1:50001;TAG_#2;13;2023-03-07 21:25:46.0;5;2;5;100;2
EXPERIMENT_1;yonosoysantiago 127.0.0.1:50001;TAG_#3;13;2023-03-07 21:25:46.0;5;2;5;100;2
EXPERIMENT_1;yonosoysantiago 127.0.0.1:50001;TAG_#4;13;2023-03-07 21:25:46.0;5;2;5;100;2
EXPERIMENT_1;yonosoysantiago 127.0.0.1:50000;TAG_#0;72;2023-03-07 21:25:46.0;5;2;5;100;2
EXPERIMENT_1;yonosoysantiago 127.0.0.1:50000;TAG_#1;6;2023-03-07 21:25:46.0;5;2;5;100;2
EXPERIMENT_1;yonosoysantiago 127.0.0.1:50000;TAG_#2;6;2023-03-07 21:25:46.0;5;2;5;100;2
EXPERIMENT_1;yonosoysantiago 127.0.0.1:50000;TAG_#3;6;2023-03-07 21:25:46.0;5;2;5;100;2
EXPERIMENT_1;yonosoysantiago 127.0.0.1:50000;TAG_#4;6;2023-03-07 21:25:46.0;5;2;5;100;2
EXPERIMENT_1;yonosoysantiago 127.0.0.1:50001;TAG_#0;72;2023-03-07 21:25:46.0;5;2;5;100;2
EXPERIMENT_1;yonosoysantiago 127.0.0.1:50001;TAG_#1;6;2023-03-07 21:25:46.0;5;2;5;100;2
EXPERIMENT_1;yonosoysantiago 127.0.0.1:50001;TAG_#2;6;2023-03-07 21:25:46.0;5;2;5;100;2
EXPERIMENT_1;yonosoysantiago 127.0.0.1:50001;TAG_#3;6;2023-03-07 21:25:46.0;5;2;5;100;2
EXPERIMENT_1;yonosoysantiago 127.0.0.1:50001;TAG_#4;6;2023-03-07 21:25:46.0;5;2;5;100;2
EXPERIMENT_1;yonosoysantiago 127.0.0.1:50001;TAG_#0;2;2023-03-07 21:25:46.0;5;2;5;100;2
EXPERIMENT_1;yonosoysantiago 127.0.0.1:50001;TAG_#1;2;2023-03-07 21:25:46.0;5;2;5;100;2
EXPERIMENT_1;yonosoysantiago 127.0.0.1:50001;TAG_#2;2;2023-03-07 21:25:46.0;5;2;5;100;2
EXPERIMENT_1;yonosoysantiago 127.0.0.1:50001;TAG_#3;2;2023-03-07 21:25:46.0;5;2;5;100;2
EXPERIMENT_1;yonosoysantiago 127.0.0.1:50001;TAG_#4;2;2023-03-07 21:25:46.0;5;2;5;100;2
EXPERIMENT_1;yonosoysantiago 127.0.0.1:50000;TAG_#0;2;2023-03-07 21:25:46.0;5;2;5;100;2
EXPERIMENT_1;yonosoysantiago 127.0.0.1:50000;TAG_#1;2;2023-03-07 21:25:46.0;5;2;5;100;2
EXPERIMENT_1;yonosoysantiago 127.0.0.1:50000;TAG_#2;2;2023-03-07 21:25:46.0;5;2;5;100;2
EXPERIMENT_1;yonosoysantiago 127.0.0.1:50000;TAG_#3;2;2023-03-07 21:25:46.0;5;2;5;100;2
EXPERIMENT_1;yonosoysantiago 127.0.0.1:50000;TAG_#4;2;2023-03-07 21:25:46.0;5;2;5;100;2
EXPERIMENT_1;yonosoysantiago 127.0.0.1:50001;TAG_#0;73;2023-03-07 21:25:46.0;5;2;5;100;2
EXPERIMENT_1;yonosoysantiago 127.0.0.1:50001;TAG_#1;73;2023-03-07 21:25:46.0;5;2;5;100;2
EXPERIMENT_1;yonosoysantiago 127.0.0.1:50001;TAG_#2;73;2023-03-07 21:25:46.0;5;2;5;100;2
EXPERIMENT_1;yonosoysantiago 127.0.0.1:50001;TAG_#3;73;2023-03-07 21:25:46.0;5;2;5;100;2
EXPERIMENT_1;yonosoysantiago 127.0.0.1:50001;TAG_#4;73;2023-03-07 21:25:46.0;5;2;5;100;2
EXPERIMENT_1;yonosoysantiago 127.0.0.1:50000;TAG_#0;73;2023-03-07 21:25:46.0;5;2;5;100;2
EXPERIMENT_1;yonosoysantiago 127.0.0.1:50000;TAG_#1;73;2023-03-07 21:25:46.0;5;2;5;100;2
EXPERIMENT_1;yonosoysantiago 127.0.0.1:50000;TAG_#2;73;2023-03-07 21:25:46.0;5;2;5;100;2
EXPERIMENT_1;yonosoysantiago 127.0.0.1:50000;TAG_#3;73;2023-03-07 21:25:46.0;5;2;5;100;2
EXPERIMENT_1;yonosoysantiago 127.0.0.1:50000;TAG_#4;73;2023-03-07 21:25:46.0;5;2;5;100;2
EXPERIMENT_1;yonosoysantiago 127.0.0.1:50000;TAG_#0;81;2023-03-07 21:25:46.0;5;2;5;100;2
EXPERIMENT_1;yonosoysantiago 127.0.0.1:50000;TAG_#1;81;2023-03-07 21:25:46.0;5;2;5;100;2
EXPERIMENT_1;yonosoysantiago 127.0.0.1:50000;TAG_#2;81;2023-03-07 21:25:46.0;5;2;5;100;2
EXPERIMENT_1;yonosoysantiago 127.0.0.1:50000;TAG_#3;81;2023-03-07 21:25:46.0;5;2;5;100;2
EXPERIMENT_1;yonosoysantiago 127.0.0.1:50000;TAG_#4;81;2023-03-07 21:25:46.0;5;2;5;100;2
EXPERIMENT_1;yonosoysantiago 127.0.0.1:50001;TAG_#0;81;2023-03-07 21:25:46.0;5;2;5;100;2
EXPERIMENT_1;yonosoysantiago 127.0.0.1:50001;TAG_#1;81;2023-03-07 21:25:46.0;5;2;5;100;2
EXPERIMENT_1;yonosoysantiago 127.0.0.1:50001;TAG_#2;81;2023-03-07 21:25:46.0;5;2;5;100;2
EXPERIMENT_1;yonosoysantiago 127.0.0.1:50001;TAG_#3;81;2023-03-07 21:25:46.0;5;2;5;100;2
EXPERIMENT_1;yonosoysantiago 127.0.0.1:50001;TAG_#4;81;2023-03-07 21:25:46.0;5;2;5;100;2
EXPERIMENT_1;yonosoysantiago 127.0.0.1:50000;TAG_#0;86;2023-03-07 21:25:46.0;5;2;5;100;2
EXPERIMENT_1;yonosoysantiago 127.0.0.1:50000;TAG_#1;86;2023-03-07 21:25:46.0;5;2;5;100;2
EXPERIMENT_1;yonosoysantiago 127.0.0.1:50000;TAG_#2;86;2023-03-07 21:25:46.0;5;2;5;100;2
EXPERIMENT_1;yonosoysantiago 127.0.0.1:50000;TAG_#3;86;2023-03-07 21:25:46.0;5;2;5;100;2
EXPERIMENT_1;yonosoysantiago 127.0.0.1:50000;TAG_#4;86;2023-03-07 21:25:46.0;5;2;5;100;2
EXPERIMENT_1;yonosoysantiago 127.0.0.1:50001;TAG_#0;86;2023-03-07 21:25:46.0;5;2;5;100;2
EXPERIMENT_1;yonosoysantiago 127.0.0.1:50001;TAG_#1;86;2023-03-07 21:25:46.0;5;2;5;100;2
EXPERIMENT_1;yonosoysantiago 127.0.0.1:50001;TAG_#2;86;2023-03-07 21:25:46.0;5;2;5;100;2
EXPERIMENT_1;yonosoysantiago 127.0.0.1:50001;TAG_#3;86;2023-03-07 21:25:46.0;5;2;5;100;2
EXPERIMENT_1;yonosoysantiago 127.0.0.1:50001;TAG_#4;86;2023-03-07 21:25:46.0;5;2;5;100;2
EXPERIMENT_1;yonosoysantiago 127.0.0.1:50001;TAG_#0;54;2023-03-07 21:25:46.0;5;2;5;100;2
EXPERIMENT_1;yonosoysantiago 127.0.0.1:50001;TAG_#1;54;2023-03-07 21:25:46.0;5;2;5;100;2
EXPERIMENT_1;yonosoysantiago 127.0.0.1:50001;TAG_#2;54;2023-03-07 21:25:46.0;5;2;5;100;2
EXPERIMENT_1;yonosoysantiago 127.0.0.1:50001;TAG_#3;54;2023-03-07 21:25:46.0;5;2;5;100;2
EXPERIMENT_1;yonosoysantiago 127.0.0.1:50001;TAG_#4;54;2023-03-07 21:25:46.0;5;2;5;100;2
EXPERIMENT_1;yonosoysantiago 127.0.0.1:50000;TAG_#0;30;2023-03-07 21:25:46.0;5;2;5;100;2
EXPERIMENT_1;yonosoysantiago 127.0.0.1:50000;TAG_#1;54;2023-03-07 21:25:46.0;5;2;5;100;2
EXPERIMENT_1;yonosoysantiago 127.0.0.1:50000;TAG_#2;54;2023-03-07 21:25:46.0;5;2;5;100;2
EXPERIMENT_1;yonosoysantiago 127.0.0.1:50000;TAG_#3;54;2023-03-07 21:25:46.0;5;2;5;100;2
EXPERIMENT_1;yonosoysantiago 127.0.0.1:50000;TAG_#4;54;2023-03-07 21:25:46.0;5;2;5;100;2
EXPERIMENT_1;yonosoysantiago 127.0.0.1:50000;TAG_#0;63;2023-03-07 21:25:47.0;5;2;5;100;2
EXPERIMENT_1;yonosoysantiago 127.0.0.1:50000;TAG_#1;63;2023-03-07 21:25:47.0;5;2;5;100;2
EXPERIMENT_1;yonosoysantiago 127.0.0.1:50000;TAG_#2;63;2023-03-07 21:25:47.0;5;2;5;100;2
EXPERIMENT_1;yonosoysantiago 127.0.0.1:50000;TAG_#3;63;2023-03-07 21:25:47.0;5;2;5;100;2
EXPERIMENT_1;yonosoysantiago 127.0.0.1:50000;TAG_#4;63;2023-03-07 21:25:47.0;5;2;5;100;2
EXPERIMENT_1;yonosoysantiago 127.0.0.1:50001;TAG_#0;63;2023-03-07 21:25:47.0;5;2;5;100;2
EXPERIMENT_1;yonosoysantiago 127.0.0.1:50001;TAG_#1;63;2023-03-07 21:25:47.0;5;2;5;100;2
EXPERIMENT_1;yonosoysantiago 127.0.0.1:50001;TAG_#2;63;2023-03-07 21:25:47.0;5;2;5;100;2
EXPERIMENT_1;yonosoysantiago 127.0.0.1:50001;TAG_#3;63;2023-03-07 21:25:47.0;5;2;5;100;2
EXPERIMENT_1;yonosoysantiago 127.0.0.1:50001;TAG_#4;63;2023-03-07 21:25:47.0;5;2;5;100;2
EXPERIMENT_1;yonosoysantiago 127.0.0.1:50001;TAG_#0;85;2023-03-07 21:25:47.0;5;2;5;100;2
EXPERIMENT_1;yonosoysantiago 127.0.0.1:50001;TAG_#1;85;2023-03-07 21:25:47.0;5;2;5;100;2
EXPERIMENT_1;yonosoysantiago 127.0.0.1:50001;TAG_#2;85;2023-03-07 21:25:47.0;5;2;5;100;2
EXPERIMENT_1;yonosoysantiago 127.0.0.1:50001;TAG_#3;85;2023-03-07 21:25:47.0;5;2;5;100;2
EXPERIMENT_1;yonosoysantiago 127.0.0.1:50001;TAG_#4;85;2023-03-07 21:25:47.0;5;2;5;100;2
EXPERIMENT_1;yonosoysantiago 127.0.0.1:50000;TAG_#0;85;2023-03-07 21:25:47.0;5;2;5;100;2
EXPERIMENT_1;yonosoysantiago 127.0.0.1:50000;TAG_#1;85;2023-03-07 21:25:47.0;5;2;5;100;2
EXPERIMENT_1;yonosoysantiago 127.0.0.1:50000;TAG_#2;85;2023-03-07 21:25:47.0;5;2;5;100;2
EXPERIMENT_1;yonosoysantiago 127.0.0.1:50000;TAG_#3;85;2023-03-07 21:25:47.0;5;2;5;100;2
EXPERIMENT_1;yonosoysantiago 127.0.0.1:50000;TAG_#4;56;2023-03-07 21:25:47.0;5;2;5;100;2
EXPERIMENT_1;yonosoysantiago 127.0.0.1:50001;TAG_#0;87;2023-03-07 21:25:47.0;5;2;5;100;2
EXPERIMENT_1;yonosoysantiago 127.0.0.1:50001;TAG_#1;87;2023-03-07 21:25:47.0;5;2;5;100;2
EXPERIMENT_1;yonosoysantiago 127.0.0.1:50001;TAG_#2;87;2023-03-07 21:25:47.0;5;2;5;100;2
EXPERIMENT_1;yonosoysantiago 127.0.0.1:50001;TAG_#3;87;2023-03-07 21:25:47.0;5;2;5;100;2
EXPERIMENT_1;yonosoysantiago 127.0.0.1:50001;TAG_#4;87;2023-03-07 21:25:47.0;5;2;5;100;2
EXPERIMENT_1;yonosoysantiago 127.0.0.1:50000;TAG_#0;87;2023-03-07 21:25:47.0;5;2;5;100;2
EXPERIMENT_1;yonosoysantiago 127.0.0.1:50000;TAG_#1;87;2023-03-07 21:25:47.0;5;2;5;100;2
EXPERIMENT_1;yonosoysantiago 127.0.0.1:50000;TAG_#2;87;2023-03-07 21:25:47.0;5;2;5;100;2
EXPERIMENT_1;yonosoysantiago 127.0.0.1:50000;TAG_#3;87;2023-03-07 21:25:47.0;5;2;5;100;2
EXPERIMENT_1;yonosoysantiago 127.0.0.1:50000;TAG_#4;87;2023-03-07 21:25:47.0;5;2;5;100;2
EXPERIMENT_1;yonosoysantiago 127.0.0.1:50001;TAG_#0;16;2023-03-07 21:25:47.0;5;2;5;100;2
EXPERIMENT_1;yonosoysantiago 127.0.0.1:50001;TAG_#1;16;2023-03-07 21:25:47.0;5;2;5;100;2
EXPERIMENT_1;yonosoysantiago 127.0.0.1:50001;TAG_#2;16;2023-03-07 21:25:47.0;5;2;5;100;2
EXPERIMENT_1;yonosoysantiago 127.0.0.1:50001;TAG_#3;16;2023-03-07 21:25:47.0;5;2;5;100;2
EXPERIMENT_1;yonosoysantiago 127.0.0.1:50001;TAG_#4;16;2023-03-07 21:25:47.0;5;2;5;100;2
EXPERIMENT_1;yonosoysantiago 127.0.0.1:50000;TAG_#0;16;2023-03-07 21:25:47.0;5;2;5;100;2
EXPERIMENT_1;yonosoysantiago 127.0.0.1:50000;TAG_#1;16;2023-03-07 21:25:47.0;5;2;5;100;2
EXPERIMENT_1;yonosoysantiago 127.0.0.1:50000;TAG_#2;54;2023-03-07 21:25:47.0;5;2;5;100;2
EXPERIMENT_1;yonosoysantiago 127.0.0.1:50000;TAG_#3;54;2023-03-07 21:25:47.0;5;2;5;100;2
EXPERIMENT_1;yonosoysantiago 127.0.0.1:50000;TAG_#4;54;2023-03-07 21:25:47.0;5;2;5;100;2
EXPERIMENT_1;yonosoysantiago 127.0.0.1:50000;TAG_#0;88;2023-03-07 21:25:47.0;5;2;5;100;2
EXPERIMENT_1;yonosoysantiago 127.0.0.1:50000;TAG_#1;83;2023-03-07 21:25:47.0;5;2;5;100;2
EXPERIMENT_1;yonosoysantiago 127.0.0.1:50000;TAG_#2;83;2023-03-07 21:25:47.0;5;2;5;100;2
EXPERIMENT_1;yonosoysantiago 127.0.0.1:50000;TAG_#3;83;2023-03-07 21:25:47.0;5;2;5;100;2
EXPERIMENT_1;yonosoysantiago 127.0.0.1:50000;TAG_#4;83;2023-03-07 21:25:47.0;5;2;5;100;2
EXPERIMENT_1;yonosoysantiago 127.0.0.1:50001;TAG_#0;88;2023-03-07 21:25:47.0;5;2;5;100;2
EXPERIMENT_1;yonosoysantiago 127.0.0.1:50001;TAG_#1;88;2023-03-07 21:25:47.0;5;2;5;100;2
EXPERIMENT_1;yonosoysantiago 127.0.0.1:50001;TAG_#2;88;2023-03-07 21:25:47.0;5;2;5;100;2
EXPERIMENT_1;yonosoysantiago 127.0.0.1:50001;TAG_#3;88;2023-03-07 21:25:47.0;5;2;5;100;2
EXPERIMENT_1;yonosoysantiago 127.0.0.1:50001;TAG_#4;88;2023-03-07 21:25:47.0;5;2;5;100;2
EXPERIMENT_1;yonosoysantiago 127.0.0.1:50000;TAG_#0;93;2023-03-07 21:25:47.0;5;2;5;100;2
EXPERIMENT_1;yonosoysantiago 127.0.0.1:50000;TAG_#1;93;2023-03-07 21:25:47.0;5;2;5;100;2
EXPERIMENT_1;yonosoysantiago 127.0.0.1:50000;TAG_#2;93;2023-03-07 21:25:47.0;5;2;5;100;2
EXPERIMENT_1;yonosoysantiago 127.0.0.1:50000;TAG_#3;93;2023-03-07 21:25:47.0;5;2;5;100;2
EXPERIMENT_1;yonosoysantiago 127.0.0.1:50000;TAG_#4;93;2023-03-07 21:25:47.0;5;2;5;100;2
EXPERIMENT_1;yonosoysantiago 127.0.0.1:50001;TAG_#0;93;2023-03-07 21:25:47.0;5;2;5;100;2
EXPERIMENT_1;yonosoysantiago 127.0.0.1:50001;TAG_#1;93;2023-03-07 21:25:47.0;5;2;5;100;2
EXPERIMENT_1;yonosoysantiago 127.0.0.1:50001;TAG_#2;93;2023-03-07 21:25:47.0;5;2;5;100;2
EXPERIMENT_1;yonosoysantiago 127.0.0.1:50001;TAG_#3;93;2023-03-07 21:25:47.0;5;2;5;100;2
EXPERIMENT_1;yonosoysantiago 127.0.0.1:50001;TAG_#4;93;2023-03-07 21:25:47.0;5;2;5;100;2
EXPERIMENT_1;yonosoysantiago 127.0.0.1:50001;TAG_#0;2;2023-03-07 21:25:47.0;5;2;5;100;2
EXPERIMENT_1;yonosoysantiago 127.0.0.1:50001;TAG_#1;2;2023-03-07 21:25:47.0;5;2;5;100;2
EXPERIMENT_1;yonosoysantiago 127.0.0.1:50001;TAG_#2;2;2023-03-07 21:25:47.0;5;2;5;100;2
EXPERIMENT_1;yonosoysantiago 127.0.0.1:50001;TAG_#3;2;2023-03-07 21:25:47.0;5;2;5;100;2
EXPERIMENT_1;yonosoysantiago 127.0.0.1:50001;TAG_#4;2;2023-03-07 21:25:47.0;5;2;5;100;2
EXPERIMENT_1;yonosoysantiago 127.0.0.1:50000;TAG_#0;2;2023-03-07 21:25:47.0;5;2;5;100;2
EXPERIMENT_1;yonosoysantiago 127.0.0.1:50000;TAG_#1;2;2023-03-07 21:25:47.0;5;2;5;100;2
EXPERIMENT_1;yonosoysantiago 127.0.0.1:50000;TAG_#2;2;2023-03-07 21:25:47.0;5;2;5;100;2
EXPERIMENT_1;yonosoysantiago 127.0.0.1:50000;TAG_#3;2;2023-03-07 21:25:47.0;5;2;5;100;2
EXPERIMENT_1;yonosoysantiago 127.0.0.1:50000;TAG_#4;2;2023-03-07 21:25:47.0;5;2;5;100;2
EXPERIMENT_1;yonosoysantiago 127.0.0.1:50001;TAG_#0;77;2023-03-07 21:25:47.0;5;2;5;100;2
EXPERIMENT_1;yonosoysantiago 127.0.0.1:50001;TAG_#1;77;2023-03-07 21:25:47.0;5;2;5;100;2
EXPERIMENT_1;yonosoysantiago 127.0.0.1:50001;TAG_#2;77;2023-03-07 21:25:47.0;5;2;5;100;2
EXPERIMENT_1;yonosoysantiago 127.0.0.1:50001;TAG_#3;77;2023-03-07 21:25:47.0;5;2;5;100;2
EXPERIMENT_1;yonosoysantiago 127.0.0.1:50001;TAG_#4;77;2023-03-07 21:25:47.0;5;2;5;100;2
EXPERIMENT_1;yonosoysantiago 127.0.0.1:50000;TAG_#0;8;2023-03-07 21:25:47.0;5;2;5;100;2
EXPERIMENT_1;yonosoysantiago 127.0.0.1:50000;TAG_#1;8;2023-03-07 21:25:47.0;5;2;5;100;2
EXPERIMENT_1;yonosoysantiago 127.0.0.1:50000;TAG_#2;8;2023-03-07 21:25:47.0;5;2;5;100;2
EXPERIMENT_1;yonosoysantiago 127.0.0.1:50000;TAG_#3;8;2023-03-07 21:25:47.0;5;2;5;100;2
EXPERIMENT_1;yonosoysantiago 127.0.0.1:50000;TAG_#4;8;2023-03-07 21:25:47.0;5;2;5;100;2
EXPERIMENT_1;yonosoysantiago 127.0.0.1:50000;TAG_#0;4;2023-03-07 21:25:47.0;5;2;5;100;2
EXPERIMENT_1;yonosoysantiago 127.0.0.1:50000;TAG_#1;4;2023-03-07 21:25:47.0;5;2;5;100;2
EXPERIMENT_1;yonosoysantiago 127.0.0.1:50000;TAG_#2;4;2023-03-07 21:25:47.0;5;2;5;100;2
EXPERIMENT_1;yonosoysantiago 127.0.0.1:50000;TAG_#3;4;2023-03-07 21:25:47.0;5;2;5;100;2
EXPERIMENT_1;yonosoysantiago 127.0.0.1:50000;TAG_#4;4;2023-03-07 21:25:47.0;5;2;5;100;2
EXPERIMENT_1;yonosoysantiago 127.0.0.1:50001;TAG_#0;4;2023-03-07 21:25:47.0;5;2;5;100;2
EXPERIMENT_1;yonosoysantiago 127.0.0.1:50001;TAG_#1;4;2023-03-07 21:25:47.0;5;2;5;100;2
EXPERIMENT_1;yonosoysantiago 127.0.0.1:50001;TAG_#2;4;2023-03-07 21:25:47.0;5;2;5;100;2
EXPERIMENT_1;yonosoysantiago 127.0.0.1:50001;TAG_#3;4;2023-03-07 21:25:47.0;5;2;5;100;2
EXPERIMENT_1;yonosoysantiago 127.0.0.1:50001;TAG_#4;4;2023-03-07 21:25:47.0;5;2;5;100;2
EXPERIMENT_1;yonosoysantiago 127.0.0.1:50001;TAG_#0;42;2023-03-07 21:25:48.0;5;2;5;100;2
EXPERIMENT_1;yonosoysantiago 127.0.0.1:50001;TAG_#1;42;2023-03-07 21:25:48.0;5;2;5;100;2
EXPERIMENT_1;yonosoysantiago 127.0.0.1:50001;TAG_#2;42;2023-03-07 21:25:48.0;5;2;5;100;2
EXPERIMENT_1;yonosoysantiago 127.0.0.1:50001;TAG_#3;42;2023-03-07 21:25:48.0;5;2;5;100;2
EXPERIMENT_1;yonosoysantiago 127.0.0.1:50001;TAG_#4;42;2023-03-07 21:25:48.0;5;2;5;100;2
EXPERIMENT_1;yonosoysantiago 127.0.0.1:50000;TAG_#0;42;2023-03-07 21:25:48.0;5;2;5;100;2
EXPERIMENT_1;yonosoysantiago 127.0.0.1:50000;TAG_#1;42;2023-03-07 21:25:48.0;5;2;5;100;2
EXPERIMENT_1;yonosoysantiago 127.0.0.1:50000;TAG_#2;42;2023-03-07 21:25:48.0;5;2;5;100;2
EXPERIMENT_1;yonosoysantiago 127.0.0.1:50000;TAG_#3;73;2023-03-07 21:25:48.0;5;2;5;100;2
EXPERIMENT_1;yonosoysantiago 127.0.0.1:50000;TAG_#4;73;2023-03-07 21:25:48.0;5;2;5;100;2
EXPERIMENT_1;yonosoysantiago 127.0.0.1:50001;TAG_#0;63;2023-03-07 21:25:48.0;5;2;5;100;2
EXPERIMENT_1;yonosoysantiago 127.0.0.1:50001;TAG_#1;63;2023-03-07 21:25:48.0;5;2;5;100;2
EXPERIMENT_1;yonosoysantiago 127.0.0.1:50001;TAG_#2;63;2023-03-07 21:25:48.0;5;2;5;100;2
EXPERIMENT_1;yonosoysantiago 127.0.0.1:50001;TAG_#3;63;2023-03-07 21:25:48.0;5;2;5;100;2
EXPERIMENT_1;yonosoysantiago 127.0.0.1:50001;TAG_#4;63;2023-03-07 21:25:48.0;5;2;5;100;2
EXPERIMENT_1;yonosoysantiago 127.0.0.1:50000;TAG_#0;63;2023-03-07 21:25:48.0;5;2;5;100;2
EXPERIMENT_1;yonosoysantiago 127.0.0.1:50000;TAG_#1;63;2023-03-07 21:25:48.0;5;2;5;100;2
EXPERIMENT_1;yonosoysantiago 127.0.0.1:50000;TAG_#2;65;2023-03-07 21:25:48.0;5;2;5;100;2
EXPERIMENT_1;yonosoysantiago 127.0.0.1:50000;TAG_#3;65;2023-03-07 21:25:48.0;5;2;5;100;2
EXPERIMENT_1;yonosoysantiago 127.0.0.1:50000;TAG_#4;65;2023-03-07 21:25:48.0;5;2;5;100;2
EXPERIMENT_1;yonosoysantiago 127.0.0.1:50001;TAG_#0;18;2023-03-07 21:25:48.0;5;2;5;100;2
EXPERIMENT_1;yonosoysantiago 127.0.0.1:50001;TAG_#1;18;2023-03-07 21:25:48.0;5;2;5;100;2
EXPERIMENT_1;yonosoysantiago 127.0.0.1:50001;TAG_#2;18;2023-03-07 21:25:48.0;5;2;5;100;2
EXPERIMENT_1;yonosoysantiago 127.0.0.1:50001;TAG_#3;18;2023-03-07 21:25:48.0;5;2;5;100;2
EXPERIMENT_1;yonosoysantiago 127.0.0.1:50001;TAG_#4;18;2023-03-07 21:25:48.0;5;2;5;100;2
EXPERIMENT_1;yonosoysantiago 127.0.0.1:50000;TAG_#0;18;2023-03-07 21:25:48.0;5;2;5;100;2
EXPERIMENT_1;yonosoysantiago 127.0.0.1:50000;TAG_#1;18;2023-03-07 21:25:48.0;5;2;5;100;2
EXPERIMENT_1;yonosoysantiago 127.0.0.1:50000;TAG_#2;18;2023-03-07 21:25:48.0;5;2;5;100;2
EXPERIMENT_1;yonosoysantiago 127.0.0.1:50000;TAG_#3;18;2023-03-07 21:25:48.0;5;2;5;100;2
EXPERIMENT_1;yonosoysantiago 127.0.0.1:50000;TAG_#4;18;2023-03-07 21:25:48.0;5;2;5;100;2
EXPERIMENT_1;yonosoysantiago 127.0.0.1:50001;TAG_#0;97;2023-03-07 21:25:48.0;5;2;5;100;2
EXPERIMENT_1;yonosoysantiago 127.0.0.1:50001;TAG_#1;97;2023-03-07 21:25:48.0;5;2;5;100;2
EXPERIMENT_1;yonosoysantiago 127.0.0.1:50001;TAG_#2;21;2023-03-07 21:25:48.0;5;2;5;100;2
EXPERIMENT_1;yonosoysantiago 127.0.0.1:50001;TAG_#3;21;2023-03-07 21:25:48.0;5;2;5;100;2
EXPERIMENT_1;yonosoysantiago 127.0.0.1:50001;TAG_#4;21;2023-03-07 21:25:48.0;5;2;5;100;2
EXPERIMENT_1;yonosoysantiago 127.0.0.1:50000;TAG_#0;21;2023-03-07 21:25:48.0;5;2;5;100;2
EXPERIMENT_1;yonosoysantiago 127.0.0.1:50000;TAG_#1;21;2023-03-07 21:25:48.0;5;2;5;100;2
EXPERIMENT_1;yonosoysantiago 127.0.0.1:50000;TAG_#2;21;2023-03-07 21:25:48.0;5;2;5;100;2
EXPERIMENT_1;yonosoysantiago 127.0.0.1:50000;TAG_#3;21;2023-03-07 21:25:48.0;5;2;5;100;2
EXPERIMENT_1;yonosoysantiago 127.0.0.1:50000;TAG_#4;21;2023-03-07 21:25:48.0;5;2;5;100;2
EXPERIMENT_1;yonosoysantiago 127.0.0.1:50001;TAG_#0;99;2023-03-07 21:25:48.0;5;2;5;100;2
EXPERIMENT_1;yonosoysantiago 127.0.0.1:50001;TAG_#1;99;2023-03-07 21:25:48.0;5;2;5;100;2
EXPERIMENT_1;yonosoysantiago 127.0.0.1:50001;TAG_#2;99;2023-03-07 21:25:48.0;5;2;5;100;2
EXPERIMENT_1;yonosoysantiago 127.0.0.1:50001;TAG_#3;99;2023-03-07 21:25:48.0;5;2;5;100;2
EXPERIMENT_1;yonosoysantiago 127.0.0.1:50001;TAG_#4;99;2023-03-07 21:25:48.0;5;2;5;100;2
EXPERIMENT_1;yonosoysantiago 127.0.0.1:50000;TAG_#0;99;2023-03-07 21:25:48.0;5;2;5;100;2
EXPERIMENT_1;yonosoysantiago 127.0.0.1:50000;TAG_#1;38;2023-03-07 21:25:48.0;5;2;5;100;2
EXPERIMENT_1;yonosoysantiago 127.0.0.1:50000;TAG_#2;38;2023-03-07 21:25:48.0;5;2;5;100;2
EXPERIMENT_1;yonosoysantiago 127.0.0.1:50000;TAG_#3;38;2023-03-07 21:25:48.0;5;2;5;100;2
EXPERIMENT_1;yonosoysantiago 127.0.0.1:50000;TAG_#4;38;2023-03-07 21:25:48.0;5;2;5;100;2
EXPERIMENT_1;yonosoysantiago 127.0.0.1:50001;TAG_#0;49;2023-03-07 21:25:48.0;5;2;5;100;2
EXPERIMENT_1;yonosoysantiago 127.0.0.1:50001;TAG_#1;49;2023-03-07 21:25:48.0;5;2;5;100;2
EXPERIMENT_1;yonosoysantiago 127.0.0.1:50001;TAG_#2;49;2023-03-07 21:25:48.0;5;2;5;100;2
EXPERIMENT_1;yonosoysantiago 127.0.0.1:50001;TAG_#3;49;2023-03-07 21:25:48.0;5;2;5;100;2
EXPERIMENT_1;yonosoysantiago 127.0.0.1:50001;TAG_#4;49;2023-03-07 21:25:48.0;5;2;5;100;2
EXPERIMENT_1;yonosoysantiago 127.0.0.1:50000;TAG_#0;5;2023-03-07 21:25:48.0;5;2;5;100;2
EXPERIMENT_1;yonosoysantiago 127.0.0.1:50000;TAG_#1;5;2023-03-07 21:25:48.0;5;2;5;100;2
EXPERIMENT_1;yonosoysantiago 127.0.0.1:50000;TAG_#2;5;2023-03-07 21:25:48.0;5;2;5;100;2
EXPERIMENT_1;yonosoysantiago 127.0.0.1:50000;TAG_#3;5;2023-03-07 21:25:48.0;5;2;5;100;2
EXPERIMENT_1;yonosoysantiago 127.0.0.1:50000;TAG_#4;5;2023-03-07 21:25:48.0;5;2;5;100;2
EXPERIMENT_1;yonosoysantiago 127.0.0.1:50001;TAG_#0;62;2023-03-07 21:25:48.0;5;2;5;100;2
EXPERIMENT_1;yonosoysantiago 127.0.0.1:50001;TAG_#1;62;2023-03-07 21:25:48.0;5;2;5;100;2
EXPERIMENT_1;yonosoysantiago 127.0.0.1:50001;TAG_#2;62;2023-03-07 21:25:48.0;5;2;5;100;2
EXPERIMENT_1;yonosoysantiago 127.0.0.1:50001;TAG_#3;62;2023-03-07 21:25:48.0;5;2;5;100;2
EXPERIMENT_1;yonosoysantiago 127.0.0.1:50001;TAG_#4;62;2023-03-07 21:25:48.0;5;2;5;100;2
EXPERIMENT_1;yonosoysantiago 127.0.0.1:50000;TAG_#0;37;2023-03-07 21:25:48.0;5;2;5;100;2
EXPERIMENT_1;yonosoysantiago 127.0.0.1:50000;TAG_#1;37;2023-03-07 21:25:48.0;5;2;5;100;2
EXPERIMENT_1;yonosoysantiago 127.0.0.1:50000;TAG_#2;37;2023-03-07 21:25:48.0;5;2;5;100;2
EXPERIMENT_1;yonosoysantiago 127.0.0.1:50000;TAG_#3;37;2023-03-07 21:25:48.0;5;2;5;100;2
EXPERIMENT_1;yonosoysantiago 127.0.0.1:50000;TAG_#4;37;2023-03-07 21:25:48.0;5;2;5;100;2
EXPERIMENT_1;yonosoysantiago 127.0.0.1:50001;TAG_#0;96;2023-03-07 21:25:48.0;5;2;5;100;2
EXPERIMENT_1;yonosoysantiago 127.0.0.1:50001;TAG_#1;96;2023-03-07 21:25:48.0;5;2;5;100;2
EXPERIMENT_1;yonosoysantiago 127.0.0.1:50001;TAG_#2;78;2023-03-07 21:25:48.0;5;2;5;100;2
EXPERIMENT_1;yonosoysantiago 127.0.0.1:50001;TAG_#3;78;2023-03-07 21:25:48.0;5;2;5;100;2
EXPERIMENT_1;yonosoysantiago 127.0.0.1:50001;TAG_#4;78;2023-03-07 21:25:48.0;5;2;5;100;2
EXPERIMENT_1;yonosoysantiago 127.0.0.1:50000;TAG_#0;78;2023-03-07 21:25:48.0;5;2;5;100;2
EXPERIMENT_1;yonosoysantiago 127.0.0.1:50000;TAG_#1;78;2023-03-07 21:25:48.0;5;2;5;100;2
EXPERIMENT_1;yonosoysantiago 127.0.0.1:50000;TAG_#2;78;2023-03-07 21:25:48.0;5;2;5;100;2
EXPERIMENT_1;yonosoysantiago 127.0.0.1:50000;TAG_#3;78;2023-03-07 21:25:48.0;5;2;5;100;2
EXPERIMENT_1;yonosoysantiago 127.0.0.1:50000;TAG_#4;78;2023-03-07 21:25:48.0;5;2;5;100;2
EXPERIMENT_1;yonosoysantiago 127.0.0.1:50001;TAG_#0;47;2023-03-07 21:25:48.0;5;2;5;100;2
EXPERIMENT_1;yonosoysantiago 127.0.0.1:50001;TAG_#1;9;2023-03-07 21:25:48.0;5;2;5;100;2
EXPERIMENT_1;yonosoysantiago 127.0.0.1:50001;TAG_#2;9;2023-03-07 21:25:48.0;5;2;5;100;2
EXPERIMENT_1;yonosoysantiago 127.0.0.1:50001;TAG_#3;9;2023-03-07 21:25:48.0;5;2;5;100;2
EXPERIMENT_1;yonosoysantiago 127.0.0.1:50001;TAG_#4;9;2023-03-07 21:25:48.0;5;2;5;100;2
EXPERIMENT_1;yonosoysantiago 127.0.0.1:50000;TAG_#0;9;2023-03-07 21:25:48.0;5;2;5;100;2
EXPERIMENT_1;yonosoysantiago 127.0.0.1:50000;TAG_#1;9;2023-03-07 21:25:48.0;5;2;5;100;2
EXPERIMENT_1;yonosoysantiago 127.0.0.1:50000;TAG_#2;9;2023-03-07 21:25:48.0;5;2;5;100;2
EXPERIMENT_1;yonosoysantiago 127.0.0.1:50000;TAG_#3;9;2023-03-07 21:25:48.0;5;2;5;100;2
EXPERIMENT_1;yonosoysantiago 127.0.0.1:50000;TAG_#4;9;2023-03-07 21:25:48.0;5;2;5;100;2
EXPERIMENT_1;yonosoysantiago 127.0.0.1:50001;TAG_#0;91;2023-03-07 21:25:48.0;5;2;5;100;2
EXPERIMENT_1;yonosoysantiago 127.0.0.1:50001;TAG_#1;91;2023-03-07 21:25:48.0;5;2;5;100;2
EXPERIMENT_1;yonosoysantiago 127.0.0.1:50001;TAG_#2;91;2023-03-07 21:25:48.0;5;2;5;100;2
EXPERIMENT_1;yonosoysantiago 127.0.0.1:50001;TAG_#3;91;2023-03-07 21:25:48.0;5;2;5;100;2
EXPERIMENT_1;yonosoysantiago 127.0.0.1:50001;TAG_#4;91;2023-03-07 21:25:48.0;5;2;5;100;2
EXPERIMENT_1;yonosoysantiago 127.0.0.1:50000;TAG_#0;91;2023-03-07 21:25:48.0;5;2;5;100;2
EXPERIMENT_1;yonosoysantiago 127.0.0.1:50000;TAG_#1;91;2023-03-07 21:25:48.0;5;2;5;100;2
EXPERIMENT_1;yonosoysantiago 127.0.0.1:50000;TAG_#2;91;2023-03-07 21:25:48.0;5;2;5;100;2
EXPERIMENT_1;yonosoysantiago 127.0.0.1:50000;TAG_#3;91;2023-03-07 21:25:48.0;5;2;5;100;2
EXPERIMENT_1;yonosoysantiago 127.0.0.1:50000;TAG_#4;91;2023-03-07 21:25:48.0;5;2;5;100;2
EXPERIMENT_1;yonosoysantiago 127.0.0.1:50001;TAG_#0;29;2023-03-07 21:25:49.0;5;2;5;100;2
EXPERIMENT_1;yonosoysantiago 127.0.0.1:50001;TAG_#1;2;2023-03-07 21:25:49.0;5;2;5;100;2
EXPERIMENT_1;yonosoysantiago 127.0.0.1:50001;TAG_#2;2;2023-03-07 21:25:49.0;5;2;5;100;2
EXPERIMENT_1;yonosoysantiago 127.0.0.1:50001;TAG_#3;2;2023-03-07 21:25:49.0;5;2;5;100;2
EXPERIMENT_1;yonosoysantiago 127.0.0.1:50001;TAG_#4;2;2023-03-07 21:25:49.0;5;2;5;100;2
EXPERIMENT_1;yonosoysantiago 127.0.0.1:50000;TAG_#0;2;2023-03-07 21:25:49.0;5;2;5;100;2
EXPERIMENT_1;yonosoysantiago 127.0.0.1:50000;TAG_#1;2;2023-03-07 21:25:49.0;5;2;5;100;2
EXPERIMENT_1;yonosoysantiago 127.0.0.1:50000;TAG_#2;2;2023-03-07 21:25:49.0;5;2;5;100;2
EXPERIMENT_1;yonosoysantiago 127.0.0.1:50000;TAG_#3;2;2023-03-07 21:25:49.0;5;2;5;100;2
EXPERIMENT_1;yonosoysantiago 127.0.0.1:50000;TAG_#4;2;2023-03-07 21:25:49.0;5;2;5;100;2
EXPERIMENT_1;yonosoysantiago 127.0.0.1:50000;TAG_#0;85;2023-03-07 21:25:49.0;5;2;5;100;2
EXPERIMENT_1;yonosoysantiago 127.0.0.1:50000;TAG_#1;85;2023-03-07 21:25:49.0;5;2;5;100;2
EXPERIMENT_1;yonosoysantiago 127.0.0.1:50000;TAG_#2;25;2023-03-07 21:25:49.0;5;2;5;100;2
EXPERIMENT_1;yonosoysantiago 127.0.0.1:50000;TAG_#3;25;2023-03-07 21:25:49.0;5;2;5;100;2
EXPERIMENT_1;yonosoysantiago 127.0.0.1:50000;TAG_#4;25;2023-03-07 21:25:49.0;5;2;5;100;2
EXPERIMENT_1;yonosoysantiago 127.0.0.1:50001;TAG_#0;85;2023-03-07 21:25:49.0;5;2;5;100;2
EXPERIMENT_1;yonosoysantiago 127.0.0.1:50001;TAG_#1;85;2023-03-07 21:25:49.0;5;2;5;100;2
EXPERIMENT_1;yonosoysantiago 127.0.0.1:50001;TAG_#2;25;2023-03-07 21:25:49.0;5;2;5;100;2
EXPERIMENT_1;yonosoysantiago 127.0.0.1:50001;TAG_#3;25;2023-03-07 21:25:49.0;5;2;5;100;2
EXPERIMENT_1;yonosoysantiago 127.0.0.1:50001;TAG_#4;25;2023-03-07 21:25:49.0;5;2;5;100;2
EXPERIMENT_1;yonosoysantiago 127.0.0.1:50000;TAG_#0;76;2023-03-07 21:25:49.0;5;2;5;100;2
EXPERIMENT_1;yonosoysantiago 127.0.0.1:50000;TAG_#1;76;2023-03-07 21:25:49.0;5;2;5;100;2
EXPERIMENT_1;yonosoysantiago 127.0.0.1:50000;TAG_#2;12;2023-03-07 21:25:49.0;5;2;5;100;2
EXPERIMENT_1;yonosoysantiago 127.0.0.1:50000;TAG_#3;12;2023-03-07 21:25:49.0;5;2;5;100;2
EXPERIMENT_1;yonosoysantiago 127.0.0.1:50000;TAG_#4;12;2023-03-07 21:25:49.0;5;2;5;100;2
EXPERIMENT_1;yonosoysantiago 127.0.0.1:50001;TAG_#0;76;2023-03-07 21:25:49.0;5;2;5;100;2
EXPERIMENT_1;yonosoysantiago 127.0.0.1:50001;TAG_#1;76;2023-03-07 21:25:49.0;5;2;5;100;2
EXPERIMENT_1;yonosoysantiago 127.0.0.1:50001;TAG_#2;76;2023-03-07 21:25:49.0;5;2;5;100;2
EXPERIMENT_1;yonosoysantiago 127.0.0.1:50001;TAG_#3;76;2023-03-07 21:25:49.0;5;2;5;100;2
EXPERIMENT_1;yonosoysantiago 127.0.0.1:50001;TAG_#4;12;2023-03-07 21:25:49.0;5;2;5;100;2
EXPERIMENT_1;yonosoysantiago 127.0.0.1:50001;TAG_#0;52;2023-03-07 21:25:49.0;5;2;5;100;2
EXPERIMENT_1;yonosoysantiago 127.0.0.1:50001;TAG_#1;52;2023-03-07 21:25:49.0;5;2;5;100;2
EXPERIMENT_1;yonosoysantiago 127.0.0.1:50001;TAG_#2;52;2023-03-07 21:25:49.0;5;2;5;100;2
EXPERIMENT_1;yonosoysantiago 127.0.0.1:50001;TAG_#3;52;2023-03-07 21:25:49.0;5;2;5;100;2
EXPERIMENT_1;yonosoysantiago 127.0.0.1:50001;TAG_#4;52;2023-03-07 21:25:49.0;5;2;5;100;2
EXPERIMENT_1;yonosoysantiago 127.0.0.1:50000;TAG_#0;52;2023-03-07 21:25:49.0;5;2;5;100;2
EXPERIMENT_1;yonosoysantiago 127.0.0.1:50000;TAG_#1;52;2023-03-07 21:25:49.0;5;2;5;100;2
EXPERIMENT_1;yonosoysantiago 127.0.0.1:50000;TAG_#2;52;2023-03-07 21:25:49.0;5;2;5;100;2
EXPERIMENT_1;yonosoysantiago 127.0.0.1:50000;TAG_#3;52;2023-03-07 21:25:49.0;5;2;5;100;2
EXPERIMENT_1;yonosoysantiago 127.0.0.1:50000;TAG_#4;52;2023-03-07 21:25:49.0;5;2;5;100;2
EXPERIMENT_1;yonosoysantiago 127.0.0.1:50001;TAG_#0;7;2023-03-07 21:25:49.0;5;2;5;100;2
EXPERIMENT_1;yonosoysantiago 127.0.0.1:50001;TAG_#1;7;2023-03-07 21:25:49.0;5;2;5;100;2
EXPERIMENT_1;yonosoysantiago 127.0.0.1:50001;TAG_#2;7;2023-03-07 21:25:49.0;5;2;5;100;2
EXPERIMENT_1;yonosoysantiago 127.0.0.1:50001;TAG_#3;7;2023-03-07 21:25:49.0;5;2;5;100;2
EXPERIMENT_1;yonosoysantiago 127.0.0.1:50001;TAG_#4;7;2023-03-07 21:25:49.0;5;2;5;100;2
EXPERIMENT_1;yonosoysantiago 127.0.0.1:50000;TAG_#0;7;2023-03-07 21:25:49.0;5;2;5;100;2
EXPERIMENT_1;yonosoysantiago 127.0.0.1:50000;TAG_#1;7;2023-03-07 21:25:49.0;5;2;5;100;2
EXPERIMENT_1;yonosoysantiago 127.0.0.1:50000;TAG_#2;7;2023-03-07 21:25:49.0;5;2;5;100;2
EXPERIMENT_1;yonosoysantiago 127.0.0.1:50000;TAG_#3;7;2023-03-07 21:25:49.0;5;2;5;100;2
EXPERIMENT_1;yonosoysantiago 127.0.0.1:50000;TAG_#4;7;2023-03-07 21:25:49.0;5;2;5;100;2
EXPERIMENT_1;yonosoysantiago 127.0.0.1:50001;TAG_#0;0;2023-03-07 21:25:49.0;5;2;5;100;2
EXPERIMENT_1;yonosoysantiago 127.0.0.1:50001;TAG_#1;0;2023-03-07 21:25:49.0;5;2;5;100;2
EXPERIMENT_1;yonosoysantiago 127.0.0.1:50001;TAG_#2;0;2023-03-07 21:25:49.0;5;2;5;100;2
EXPERIMENT_1;yonosoysantiago 127.0.0.1:50001;TAG_#3;0;2023-03-07 21:25:49.0;5;2;5;100;2
EXPERIMENT_1;yonosoysantiago 127.0.0.1:50001;TAG_#4;79;2023-03-07 21:25:49.0;5;2;5;100;2
EXPERIMENT_1;yonosoysantiago 127.0.0.1:50000;TAG_#0;0;2023-03-07 21:25:49.0;5;2;5;100;2
EXPERIMENT_1;yonosoysantiago 127.0.0.1:50000;TAG_#1;0;2023-03-07 21:25:49.0;5;2;5;100;2
EXPERIMENT_1;yonosoysantiago 127.0.0.1:50000;TAG_#2;0;2023-03-07 21:25:49.0;5;2;5;100;2
EXPERIMENT_1;yonosoysantiago 127.0.0.1:50000;TAG_#3;0;2023-03-07 21:25:49.0;5;2;5;100;2
EXPERIMENT_1;yonosoysantiago 127.0.0.1:50000;TAG_#4;79;2023-03-07 21:25:49.0;5;2;5;100;2
EXPERIMENT_1;yonosoysantiago 127.0.0.1:50001;TAG_#0;81;2023-03-07 21:25:49.0;5;1;5;100;2
EXPERIMENT_1;yonosoysantiago 127.0.0.1:50001;TAG_#1;81;2023-03-07 21:25:49.0;5;1;5;100;2
EXPERIMENT_1;yonosoysantiago 127.0.0.1:50001;TAG_#2;81;2023-03-07 21:25:49.0;5;1;5;100;2
EXPERIMENT_1;yonosoysantiago 127.0.0.1:50001;TAG_#3;81;2023-03-07 21:25:49.0;5;1;5;100;2
EXPERIMENT_1;yonosoysantiago 127.0.0.1:50001;TAG_#4;81;2023-03-07 21:25:49.0;5;1;5;100;2
EXPERIMENT_1;yonosoysantiago 127.0.0.1:50000;TAG_#0;81;2023-03-07 21:25:49.0;5;1;5;100;2
EXPERIMENT_1;yonosoysantiago 127.0.0.1:50000;TAG_#1;81;2023-03-07 21:25:49.0;5;1;5;100;2
EXPERIMENT_1;yonosoysantiago 127.0.0.1:50000;TAG_#2;81;2023-03-07 21:25:49.0;5;1;5;100;2
EXPERIMENT_1;yonosoysantiago 127.0.0.1:50000;TAG_#3;81;2023-03-07 21:25:49.0;5;1;5;100;2
EXPERIMENT_1;yonosoysantiago 127.0.0.1:50000;TAG_#4;81;2023-03-07 21:25:49.0;5;1;5;100;2
EXPERIMENT_1;yonosoysantiago 127.0.0.1:50001;TAG_#0;13;2023-03-07 21:25:49.0;5;1;5;100;2
EXPERIMENT_1;yonosoysantiago 127.0.0.1:50001;TAG_#1;13;2023-03-07 21:25:49.0;5;1;5;100;2
EXPERIMENT_1;yonosoysantiago 127.0.0.1:50001;TAG_#2;13;2023-03-07 21:25:49.0;5;1;5;100;2
EXPERIMENT_1;yonosoysantiago 127.0.0.1:50001;TAG_#3;13;2023-03-07 21:25:49.0;5;1;5;100;2
EXPERIMENT_1;yonosoysantiago 127.0.0.1:50001;TAG_#4;13;2023-03-07 21:25:49.0;5;1;5;100;2
EXPERIMENT_1;yonosoysantiago 127.0.0.1:50000;TAG_#0;13;2023-03-07 21:25:49.0;5;1;5;100;2
EXPERIMENT_1;yonosoysantiago 127.0.0.1:50000;TAG_#1;13;2023-03-07 21:25:49.0;5;1;5;100;2
EXPERIMENT_1;yonosoysantiago 127.0.0.1:50000;TAG_#2;13;2023-03-07 21:25:49.0;5;1;5;100;2
EXPERIMENT_1;yonosoysantiago 127.0.0.1:50000;TAG_#3;13;2023-03-07 21:25:49.0;5;1;5;100;2
EXPERIMENT_1;yonosoysantiago 127.0.0.1:50000;TAG_#4;13;2023-03-07 21:25:49.0;5;1;5;100;2
EXPERIMENT_1;yonosoysantiago 127.0.0.1:50001;TAG_#0;69;2023-03-07 21:25:49.0;5;1;5;100;2
EXPERIMENT_1;yonosoysantiago 127.0.0.1:50001;TAG_#1;69;2023-03-07 21:25:49.0;5;1;5;100;2
EXPERIMENT_1;yonosoysantiago 127.0.0.1:50001;TAG_#2;69;2023-03-07 21:25:49.0;5;1;5;100;2
EXPERIMENT_1;yonosoysantiago 127.0.0.1:50001;TAG_#3;69;2023-03-07 21:25:49.0;5;1;5;100;2
EXPERIMENT_1;yonosoysantiago 127.0.0.1:50001;TAG_#4;69;2023-03-07 21:25:49.0;5;1;5;100;2
EXPERIMENT_1;yonosoysantiago 127.0.0.1:50000;TAG_#0;69;2023-03-07 21:25:49.0;5;1;5;100;2
EXPERIMENT_1;yonosoysantiago 127.0.0.1:50000;TAG_#1;69;2023-03-07 21:25:49.0;5;1;5;100;2
EXPERIMENT_1;yonosoysantiago 127.0.0.1:50000;TAG_#2;69;2023-03-07 21:25:49.0;5;1;5;100;2
EXPERIMENT_1;yonosoysantiago 127.0.0.1:50000;TAG_#3;69;2023-03-07 21:25:49.0;5;1;5;100;2
EXPERIMENT_1;yonosoysantiago 127.0.0.1:50000;TAG_#4;69;2023-03-07 21:25:49.0;5;1;5;100;2
EXPERIMENT_1;yonosoysantiago 127.0.0.1:50000;TAG_#0;83;2023-03-07 21:25:49.0;5;1;5;100;2
EXPERIMENT_1;yonosoysantiago 127.0.0.1:50000;TAG_#1;83;2023-03-07 21:25:49.0;5;1;5;100;2
EXPERIMENT_1;yonosoysantiago 127.0.0.1:50000;TAG_#2;83;2023-03-07 21:25:49.0;5;1;5;100;2
EXPERIMENT_1;yonosoysantiago 127.0.0.1:50000;TAG_#3;83;2023-03-07 21:25:49.0;5;1;5;100;2
EXPERIMENT_1;yonosoysantiago 127.0.0.1:50000;TAG_#4;83;2023-03-07 21:25:49.0;5;1;5;100;2
EXPERIMENT_1;yonosoysantiago 127.0.0.1:50001;TAG_#0;83;2023-03-07 21:25:49.0;5;1;5;100;2
EXPERIMENT_1;yonosoysantiago 127.0.0.1:50001;TAG_#1;83;2023-03-07 21:25:49.0;5;1;5;100;2
EXPERIMENT_1;yonosoysantiago 127.0.0.1:50001;TAG_#2;83;2023-03-07 21:25:49.0;5;1;5;100;2
EXPERIMENT_1;yonosoysantiago 127.0.0.1:50001;TAG_#3;83;2023-03-07 21:25:49.0;5;1;5;100;2
EXPERIMENT_1;yonosoysantiago 127.0.0.1:50001;TAG_#4;83;2023-03-07 21:25:49.0;5;1;5;100;2
EXPERIMENT_1;yonosoysantiago 127.0.0.1:50001;TAG_#0;85;2023-03-07 21:25:50.0;5;1;5;100;2
EXPERIMENT_1;yonosoysantiago 127.0.0.1:50001;TAG_#1;85;2023-03-07 21:25:50.0;5;1;5;100;2
EXPERIMENT_1;yonosoysantiago 127.0.0.1:50001;TAG_#2;85;2023-03-07 21:25:50.0;5;1;5;100;2
EXPERIMENT_1;yonosoysantiago 127.0.0.1:50001;TAG_#3;85;2023-03-07 21:25:50.0;5;1;5;100;2
EXPERIMENT_1;yonosoysantiago 127.0.0.1:50001;TAG_#4;85;2023-03-07 21:25:50.0;5;1;5;100;2
EXPERIMENT_1;yonosoysantiago 127.0.0.1:50000;TAG_#0;85;2023-03-07 21:25:50.0;5;1;5;100;2
EXPERIMENT_1;yonosoysantiago 127.0.0.1:50000;TAG_#1;85;2023-03-07 21:25:50.0;5;1;5;100;2
EXPERIMENT_1;yonosoysantiago 127.0.0.1:50000;TAG_#2;85;2023-03-07 21:25:50.0;5;1;5;100;2
EXPERIMENT_1;yonosoysantiago 127.0.0.1:50000;TAG_#3;85;2023-03-07 21:25:50.0;5;1;5;100;2
EXPERIMENT_1;yonosoysantiago 127.0.0.1:50000;TAG_#4;85;2023-03-07 21:25:50.0;5;1;5;100;2
EXPERIMENT_1;yonosoysantiago 127.0.0.1:50000;TAG_#0;60;2023-03-07 21:25:50.0;5;1;5;100;2
EXPERIMENT_1;yonosoysantiago 127.0.0.1:50000;TAG_#1;60;2023-03-07 21:25:50.0;5;1;5;100;2
EXPERIMENT_1;yonosoysantiago 127.0.0.1:50000;TAG_#2;60;2023-03-07 21:25:50.0;5;1;5;100;2
EXPERIMENT_1;yonosoysantiago 127.0.0.1:50000;TAG_#3;60;2023-03-07 21:25:50.0;5;1;5;100;2
EXPERIMENT_1;yonosoysantiago 127.0.0.1:50000;TAG_#4;60;2023-03-07 21:25:50.0;5;1;5;100;2
EXPERIMENT_1;yonosoysantiago 127.0.0.1:50001;TAG_#0;60;2023-03-07 21:25:50.0;5;1;5;100;2
EXPERIMENT_1;yonosoysantiago 127.0.0.1:50001;TAG_#1;60;2023-03-07 21:25:50.0;5;1;5;100;2
EXPERIMENT_1;yonosoysantiago 127.0.0.1:50001;TAG_#2;60;2023-03-07 21:25:50.0;5;1;5;100;2
EXPERIMENT_1;yonosoysantiago 127.0.0.1:50001;TAG_#3;60;2023-03-07 21:25:50.0;5;1;5;100;2
EXPERIMENT_1;yonosoysantiago 127.0.0.1:50001;TAG_#4;60;2023-03-07 21:25:50.0;5;1;5;100;2
EXPERIMENT_1;yonosoysantiago 127.0.0.1:50000;TAG_#0;5;2023-03-07 21:25:50.0;5;1;5;100;2
EXPERIMENT_1;yonosoysantiago 127.0.0.1:50000;TAG_#1;5;2023-03-07 21:25:50.0;5;1;5;100;2
EXPERIMENT_1;yonosoysantiago 127.0.0.1:50000;TAG_#2;5;2023-03-07 21:25:50.0;5;1;5;100;2
EXPERIMENT_1;yonosoysantiago 127.0.0.1:50000;TAG_#3;5;2023-03-07 21:25:50.0;5;1;5;100;2
EXPERIMENT_1;yonosoysantiago 127.0.0.1:50000;TAG_#4;5;2023-03-07 21:25:50.0;5;1;5;100;2
EXPERIMENT_1;yonosoysantiago 127.0.0.1:50001;TAG_#0;5;2023-03-07 21:25:50.0;5;1;5;100;2
EXPERIMENT_1;yonosoysantiago 127.0.0.1:50001;TAG_#1;5;2023-03-07 21:25:50.0;5;1;5;100;2
EXPERIMENT_1;yonosoysantiago 127.0.0.1:50001;TAG_#2;5;2023-03-07 21:25:50.0;5;1;5;100;2
EXPERIMENT_1;yonosoysantiago 127.0.0.1:50001;TAG_#3;5;2023-03-07 21:25:50.0;5;1;5;100;2
EXPERIMENT_1;yonosoysantiago 127.0.0.1:50001;TAG_#4;5;2023-03-07 21:25:50.0;5;1;5;100;2
EXPERIMENT_1;yonosoysantiago 127.0.0.1:50000;TAG_#0;51;2023-03-07 21:25:50.0;5;1;5;100;2
EXPERIMENT_1;yonosoysantiago 127.0.0.1:50000;TAG_#1;51;2023-03-07 21:25:50.0;5;1;5;100;2
EXPERIMENT_1;yonosoysantiago 127.0.0.1:50000;TAG_#2;50;2023-03-07 21:25:50.0;5;1;5;100;2
EXPERIMENT_1;yonosoysantiago 127.0.0.1:50000;TAG_#3;50;2023-03-07 21:25:50.0;5;1;5;100;2
EXPERIMENT_1;yonosoysantiago 127.0.0.1:50000;TAG_#4;50;2023-03-07 21:25:50.0;5;1;5;100;2
EXPERIMENT_1;yonosoysantiago 127.0.0.1:50001;TAG_#0;51;2023-03-07 21:25:50.0;5;1;5;100;2
EXPERIMENT_1;yonosoysantiago 127.0.0.1:50001;TAG_#1;50;2023-03-07 21:25:50.0;5;1;5;100;2
EXPERIMENT_1;yonosoysantiago 127.0.0.1:50001;TAG_#2;50;2023-03-07 21:25:50.0;5;1;5;100;2
EXPERIMENT_1;yonosoysantiago 127.0.0.1:50001;TAG_#3;50;2023-03-07 21:25:50.0;5;1;5;100;2
EXPERIMENT_1;yonosoysantiago 127.0.0.1:50001;TAG_#4;50;2023-03-07 21:25:50.0;5;1;5;100;2
EXPERIMENT_1;yonosoysantiago 127.0.0.1:50001;TAG_#0;3;2023-03-07 21:25:50.0;5;1;5;100;2
EXPERIMENT_1;yonosoysantiago 127.0.0.1:50001;TAG_#1;3;2023-03-07 21:25:50.0;5;1;5;100;2
EXPERIMENT_1;yonosoysantiago 127.0.0.1:50001;TAG_#2;3;2023-03-07 21:25:50.0;5;1;5;100;2
EXPERIMENT_1;yonosoysantiago 127.0.0.1:50001;TAG_#3;3;2023-03-07 21:25:50.0;5;1;5;100;2
EXPERIMENT_1;yonosoysantiago 127.0.0.1:50001;TAG_#4;3;2023-03-07 21:25:50.0;5;1;5;100;2
EXPERIMENT_1;yonosoysantiago 127.0.0.1:50000;TAG_#0;3;2023-03-07 21:25:50.0;5;1;5;100;2
EXPERIMENT_1;yonosoysantiago 127.0.0.1:50000;TAG_#1;3;2023-03-07 21:25:50.0;5;1;5;100;2
EXPERIMENT_1;yonosoysantiago 127.0.0.1:50000;TAG_#2;3;2023-03-07 21:25:50.0;5;1;5;100;2
EXPERIMENT_1;yonosoysantiago 127.0.0.1:50000;TAG_#3;3;2023-03-07 21:25:50.0;5;1;5;100;2
EXPERIMENT_1;yonosoysantiago 127.0.0.1:50000;TAG_#4;3;2023-03-07 21:25:50.0;5;1;5;100;2
EXPERIMENT_1;yonosoysantiago 127.0.0.1:50000;TAG_#0;7;2023-03-07 21:25:50.0;5;1;5;100;2
EXPERIMENT_1;yonosoysantiago 127.0.0.1:50000;TAG_#1;7;2023-03-07 21:25:50.0;5;1;5;100;2
EXPERIMENT_1;yonosoysantiago 127.0.0.1:50000;TAG_#2;7;2023-03-07 21:25:50.0;5;1;5;100;2
EXPERIMENT_1;yonosoysantiago 127.0.0.1:50000;TAG_#3;7;2023-03-07 21:25:50.0;5;1;5;100;2
EXPERIMENT_1;yonosoysantiago 127.0.0.1:50000;TAG_#4;7;2023-03-07 21:25:50.0;5;1;5;100;2
EXPERIMENT_1;yonosoysantiago 127.0.0.1:50001;TAG_#0;7;2023-03-07 21:25:50.0;5;1;5;100;2
EXPERIMENT_1;yonosoysantiago 127.0.0.1:50001;TAG_#1;7;2023-03-07 21:25:50.0;5;1;5;100;2
EXPERIMENT_1;yonosoysantiago 127.0.0.1:50001;TAG_#2;7;2023-03-07 21:25:50.0;5;1;5;100;2
EXPERIMENT_1;yonosoysantiago 127.0.0.1:50001;TAG_#3;7;2023-03-07 21:25:50.0;5;1;5;100;2
EXPERIMENT_1;yonosoysantiago 127.0.0.1:50001;TAG_#4;7;2023-03-07 21:25:50.0;5;1;5;100;2
EXPERIMENT_1;yonosoysantiago 127.0.0.1:50001;TAG_#0;51;2023-03-07 21:25:50.0;5;1;5;100;2
EXPERIMENT_1;yonosoysantiago 127.0.0.1:50001;TAG_#1;51;2023-03-07 21:25:50.0;5;1;5;100;2
EXPERIMENT_1;yonosoysantiago 127.0.0.1:50001;TAG_#2;51;2023-03-07 21:25:50.0;5;1;5;100;2
EXPERIMENT_1;yonosoysantiago 127.0.0.1:50001;TAG_#3;51;2023-03-07 21:25:50.0;5;1;5;100;2
EXPERIMENT_1;yonosoysantiago 127.0.0.1:50001;TAG_#4;51;2023-03-07 21:25:50.0;5;1;5;100;2
EXPERIMENT_1;yonosoysantiago 127.0.0.1:50000;TAG_#0;51;2023-03-07 21:25:50.0;5;1;5;100;2
EXPERIMENT_1;yonosoysantiago 127.0.0.1:50000;TAG_#1;51;2023-03-07 21:25:50.0;5;1;5;100;2
EXPERIMENT_1;yonosoysantiago 127.0.0.1:50000;TAG_#2;51;2023-03-07 21:25:50.0;5;1;5;100;2
EXPERIMENT_1;yonosoysantiago 127.0.0.1:50000;TAG_#3;51;2023-03-07 21:25:50.0;5;1;5;100;2
EXPERIMENT_1;yonosoysantiago 127.0.0.1:50000;TAG_#4;51;2023-03-07 21:25:50.0;5;1;5;100;2
EXPERIMENT_1;yonosoysantiago 127.0.0.1:50001;TAG_#0;62;2023-03-07 21:25:50.0;5;1;5;100;2
EXPERIMENT_1;yonosoysantiago 127.0.0.1:50001;TAG_#1;62;2023-03-07 21:25:50.0;5;1;5;100;2
EXPERIMENT_1;yonosoysantiago 127.0.0.1:50001;TAG_#2;62;2023-03-07 21:25:50.0;5;1;5;100;2
EXPERIMENT_1;yonosoysantiago 127.0.0.1:50001;TAG_#3;62;2023-03-07 21:25:50.0;5;1;5;100;2
EXPERIMENT_1;yonosoysantiago 127.0.0.1:50001;TAG_#4;62;2023-03-07 21:25:50.0;5;1;5;100;2
EXPERIMENT_1;yonosoysantiago 127.0.0.1:50000;TAG_#0;62;2023-03-07 21:25:50.0;5;1;5;100;2
EXPERIMENT_1;yonosoysantiago 127.0.0.1:50000;TAG_#1;62;2023-03-07 21:25:50.0;5;1;5;100;2
EXPERIMENT_1;yonosoysantiago 127.0.0.1:50000;TAG_#2;62;2023-03-07 21:25:50.0;5;1;5;100;2
EXPERIMENT_1;yonosoysantiago 127.0.0.1:50000;TAG_#3;62;2023-03-07 21:25:50.0;5;1;5;100;2
EXPERIMENT_1;yonosoysantiago 127.0.0.1:50000;TAG_#4;62;2023-03-07 21:25:50.0;5;1;5;100;2
EXPERIMENT_1;yonosoysantiago 127.0.0.1:50000;TAG_#0;57;2023-03-07 21:25:50.0;5;1;5;100;2
EXPERIMENT_1;yonosoysantiago 127.0.0.1:50000;TAG_#1;57;2023-03-07 21:25:50.0;5;1;5;100;2
EXPERIMENT_1;yonosoysantiago 127.0.0.1:50000;TAG_#2;57;2023-03-07 21:25:50.0;5;1;5;100;2
EXPERIMENT_1;yonosoysantiago 127.0.0.1:50000;TAG_#3;57;2023-03-07 21:25:50.0;5;1;5;100;2
EXPERIMENT_1;yonosoysantiago 127.0.0.1:50000;TAG_#4;79;2023-03-07 21:25:50.0;5;1;5;100;2
EXPERIMENT_1;yonosoysantiago 127.0.0.1:50001;TAG_#0;57;2023-03-07 21:25:50.0;5;1;5;100;2
EXPERIMENT_1;yonosoysantiago 127.0.0.1:50001;TAG_#1;57;2023-03-07 21:25:50.0;5;1;5;100;2
EXPERIMENT_1;yonosoysantiago 127.0.0.1:50001;TAG_#2;57;2023-03-07 21:25:50.0;5;1;5;100;2
EXPERIMENT_1;yonosoysantiago 127.0.0.1:50001;TAG_#3;57;2023-03-07 21:25:50.0;5;1;5;100;2
EXPERIMENT_1;yonosoysantiago 127.0.0.1:50001;TAG_#4;57;2023-03-07 21:25:50.0;5;1;5;100;2
EXPERIMENT_1;yonosoysantiago 127.0.0.1:50000;TAG_#0;38;2023-03-07 21:25:50.0;5;1;5;100;2
EXPERIMENT_1;yonosoysantiago 127.0.0.1:50000;TAG_#1;38;2023-03-07 21:25:50.0;5;1;5;100;2
EXPERIMENT_1;yonosoysantiago 127.0.0.1:50000;TAG_#2;38;2023-03-07 21:25:50.0;5;1;5;100;2
EXPERIMENT_1;yonosoysantiago 127.0.0.1:50000;TAG_#3;38;2023-03-07 21:25:50.0;5;1;5;100;2
EXPERIMENT_1;yonosoysantiago 127.0.0.1:50000;TAG_#4;38;2023-03-07 21:25:50.0;5;1;5;100;2
EXPERIMENT_1;yonosoysantiago 127.0.0.1:50001;TAG_#0;38;2023-03-07 21:25:50.0;5;1;5;100;2
EXPERIMENT_1;yonosoysantiago 127.0.0.1:50001;TAG_#1;38;2023-03-07 21:25:50.0;5;1;5;100;2
EXPERIMENT_1;yonosoysantiago 127.0.0.1:50001;TAG_#2;38;2023-03-07 21:25:50.0;5;1;5;100;2
EXPERIMENT_1;yonosoysantiago 127.0.0.1:50001;TAG_#3;38;2023-03-07 21:25:50.0;5;1;5;100;2
EXPERIMENT_1;yonosoysantiago 127.0.0.1:50001;TAG_#4;38;2023-03-07 21:25:50.0;5;1;5;100;2
EXPERIMENT_1;yonosoysantiago 127.0.0.1:50000;TAG_#0;49;2023-03-07 21:25:51.0;5;1;5;100;2
EXPERIMENT_1;yonosoysantiago 127.0.0.1:50000;TAG_#1;49;2023-03-07 21:25:51.0;5;1;5;100;2
EXPERIMENT_1;yonosoysantiago 127.0.0.1:50000;TAG_#2;49;2023-03-07 21:25:51.0;5;1;5;100;2
EXPERIMENT_1;yonosoysantiago 127.0.0.1:50000;TAG_#3;49;2023-03-07 21:25:51.0;5;1;5;100;2
EXPERIMENT_1;yonosoysantiago 127.0.0.1:50000;TAG_#4;49;2023-03-07 21:25:51.0;5;1;5;100;2
EXPERIMENT_1;yonosoysantiago 127.0.0.1:50001;TAG_#0;49;2023-03-07 21:25:51.0;5;1;5;100;2
EXPERIMENT_1;yonosoysantiago 127.0.0.1:50001;TAG_#1;49;2023-03-07 21:25:51.0;5;1;5;100;2
EXPERIMENT_1;yonosoysantiago 127.0.0.1:50001;TAG_#2;49;2023-03-07 21:25:51.0;5;1;5;100;2
EXPERIMENT_1;yonosoysantiago 127.0.0.1:50001;TAG_#3;49;2023-03-07 21:25:51.0;5;1;5;100;2
EXPERIMENT_1;yonosoysantiago 127.0.0.1:50001;TAG_#4;49;2023-03-07 21:25:51.0;5;1;5;100;2
EXPERIMENT_1;yonosoysantiago 127.0.0.1:50000;TAG_#0;70;2023-03-07 21:25:51.0;5;1;5;100;2
EXPERIMENT_1;yonosoysantiago 127.0.0.1:50000;TAG_#1;70;2023-03-07 21:25:51.0;5;1;5;100;2
EXPERIMENT_1;yonosoysantiago 127.0.0.1:50000;TAG_#2;70;2023-03-07 21:25:51.0;5;1;5;100;2
EXPERIMENT_1;yonosoysantiago 127.0.0.1:50000;TAG_#3;70;2023-03-07 21:25:51.0;5;1;5;100;2
EXPERIMENT_1;yonosoysantiago 127.0.0.1:50000;TAG_#4;70;2023-03-07 21:25:51.0;5;1;5;100;2
EXPERIMENT_1;yonosoysantiago 127.0.0.1:50001;TAG_#0;70;2023-03-07 21:25:51.0;5;1;5;100;2
EXPERIMENT_1;yonosoysantiago 127.0.0.1:50001;TAG_#1;70;2023-03-07 21:25:51.0;5;1;5;100;2
EXPERIMENT_1;yonosoysantiago 127.0.0.1:50001;TAG_#2;70;2023-03-07 21:25:51.0;5;1;5;100;2
EXPERIMENT_1;yonosoysantiago 127.0.0.1:50001;TAG_#3;70;2023-03-07 21:25:51.0;5;1;5;100;2
EXPERIMENT_1;yonosoysantiago 127.0.0.1:50001;TAG_#4;70;2023-03-07 21:25:51.0;5;1;5;100;2
EXPERIMENT_1;yonosoysantiago 127.0.0.1:50000;TAG_#0;13;2023-03-07 21:25:51.0;5;1;5;100;2
EXPERIMENT_1;yonosoysantiago 127.0.0.1:50000;TAG_#1;13;2023-03-07 21:25:51.0;5;1;5;100;2
EXPERIMENT_1;yonosoysantiago 127.0.0.1:50000;TAG_#2;13;2023-03-07 21:25:51.0;5;1;5;100;2
EXPERIMENT_1;yonosoysantiago 127.0.0.1:50000;TAG_#3;13;2023-03-07 21:25:51.0;5;1;5;100;2
EXPERIMENT_1;yonosoysantiago 127.0.0.1:50000;TAG_#4;13;2023-03-07 21:25:51.0;5;1;5;100;2
EXPERIMENT_1;yonosoysantiago 127.0.0.1:50001;TAG_#0;10;2023-03-07 21:25:51.0;5;1;5;100;2
EXPERIMENT_1;yonosoysantiago 127.0.0.1:50001;TAG_#1;10;2023-03-07 21:25:51.0;5;1;5;100;2
EXPERIMENT_1;yonosoysantiago 127.0.0.1:50001;TAG_#2;10;2023-03-07 21:25:51.0;5;1;5;100;2
EXPERIMENT_1;yonosoysantiago 127.0.0.1:50001;TAG_#3;10;2023-03-07 21:25:51.0;5;1;5;100;2
EXPERIMENT_1;yonosoysantiago 127.0.0.1:50001;TAG_#4;10;2023-03-07 21:25:51.0;5;1;5;100;2
EXPERIMENT_1;yonosoysantiago 127.0.0.1:50000;TAG_#0;60;2023-03-07 21:25:51.0;5;1;5;100;2
EXPERIMENT_1;yonosoysantiago 127.0.0.1:50000;TAG_#1;60;2023-03-07 21:25:51.0;5;1;5;100;2
EXPERIMENT_1;yonosoysantiago 127.0.0.1:50000;TAG_#2;60;2023-03-07 21:25:51.0;5;1;5;100;2
EXPERIMENT_1;yonosoysantiago 127.0.0.1:50000;TAG_#3;60;2023-03-07 21:25:51.0;5;1;5;100;2
EXPERIMENT_1;yonosoysantiago 127.0.0.1:50000;TAG_#4;60;2023-03-07 21:25:51.0;5;1;5;100;2
EXPERIMENT_1;yonosoysantiago 127.0.0.1:50001;TAG_#0;60;2023-03-07 21:25:51.0;5;1;5;100;2
EXPERIMENT_1;yonosoysantiago 127.0.0.1:50001;TAG_#1;60;2023-03-07 21:25:51.0;5;1;5;100;2
EXPERIMENT_1;yonosoysantiago 127.0.0.1:50001;TAG_#2;60;2023-03-07 21:25:51.0;5;1;5;100;2
EXPERIMENT_1;yonosoysantiago 127.0.0.1:50001;TAG_#3;60;2023-03-07 21:25:51.0;5;1;5;100;2
EXPERIMENT_1;yonosoysantiago 127.0.0.1:50001;TAG_#4;60;2023-03-07 21:25:51.0;5;1;5;100;2
EXPERIMENT_1;yonosoysantiago 127.0.0.1:50000;TAG_#0;56;2023-03-07 21:25:51.0;5;1;5;100;2
EXPERIMENT_1;yonosoysantiago 127.0.0.1:50000;TAG_#1;56;2023-03-07 21:25:51.0;5;1;5;100;2
EXPERIMENT_1;yonosoysantiago 127.0.0.1:50000;TAG_#2;56;2023-03-07 21:25:51.0;5;1;5;100;2
EXPERIMENT_1;yonosoysantiago 127.0.0.1:50000;TAG_#3;56;2023-03-07 21:25:51.0;5;1;5;100;2
EXPERIMENT_1;yonosoysantiago 127.0.0.1:50000;TAG_#4;56;2023-03-07 21:25:51.0;5;1;5;100;2
EXPERIMENT_1;yonosoysantiago 127.0.0.1:50001;TAG_#0;56;2023-03-07 21:25:51.0;5;1;5;100;2
EXPERIMENT_1;yonosoysantiago 127.0.0.1:50001;TAG_#1;56;2023-03-07 21:25:51.0;5;1;5;100;2
EXPERIMENT_1;yonosoysantiago 127.0.0.1:50001;TAG_#2;56;2023-03-07 21:25:51.0;5;1;5;100;2
EXPERIMENT_1;yonosoysantiago 127.0.0.1:50001;TAG_#3;56;2023-03-07 21:25:51.0;5;1;5;100;2
EXPERIMENT_1;yonosoysantiago 127.0.0.1:50001;TAG_#4;56;2023-03-07 21:25:51.0;5;1;5;100;2
EXPERIMENT_1;yonosoysantiago 127.0.0.1:50000;TAG_#0;13;2023-03-07 21:25:51.0;5;1;5;100;2
EXPERIMENT_1;yonosoysantiago 127.0.0.1:50000;TAG_#1;13;2023-03-07 21:25:51.0;5;1;5;100;2
EXPERIMENT_1;yonosoysantiago 127.0.0.1:50000;TAG_#2;13;2023-03-07 21:25:51.0;5;1;5;100;2
EXPERIMENT_1;yonosoysantiago 127.0.0.1:50000;TAG_#3;13;2023-03-07 21:25:51.0;5;1;5;100;2
EXPERIMENT_1;yonosoysantiago 127.0.0.1:50000;TAG_#4;13;2023-03-07 21:25:51.0;5;1;5;100;2
EXPERIMENT_1;yonosoysantiago 127.0.0.1:50001;TAG_#0;13;2023-03-07 21:25:51.0;5;1;5;100;2
EXPERIMENT_1;yonosoysantiago 127.0.0.1:50001;TAG_#1;13;2023-03-07 21:25:51.0;5;1;5;100;2
EXPERIMENT_1;yonosoysantiago 127.0.0.1:50001;TAG_#2;13;2023-03-07 21:25:51.0;5;1;5;100;2
EXPERIMENT_1;yonosoysantiago 127.0.0.1:50001;TAG_#3;13;2023-03-07 21:25:51.0;5;1;5;100;2
EXPERIMENT_1;yonosoysantiago 127.0.0.1:50001;TAG_#4;13;2023-03-07 21:25:51.0;5;1;5;100;2
EXPERIMENT_1;yonosoysantiago 127.0.0.1:50000;TAG_#0;41;2023-03-07 21:25:51.0;5;1;5;100;2
EXPERIMENT_1;yonosoysantiago 127.0.0.1:50000;TAG_#1;41;2023-03-07 21:25:51.0;5;1;5;100;2
EXPERIMENT_1;yonosoysantiago 127.0.0.1:50000;TAG_#2;41;2023-03-07 21:25:51.0;5;1;5;100;2
EXPERIMENT_1;yonosoysantiago 127.0.0.1:50000;TAG_#3;41;2023-03-07 21:25:51.0;5;1;5;100;2
EXPERIMENT_1;yonosoysantiago 127.0.0.1:50000;TAG_#4;41;2023-03-07 21:25:51.0;5;1;5;100;2
EXPERIMENT_1;yonosoysantiago 127.0.0.1:50001;TAG_#0;41;2023-03-07 21:25:51.0;5;1;5;100;2
EXPERIMENT_1;yonosoysantiago 127.0.0.1:50001;TAG_#1;92;2023-03-07 21:25:51.0;5;1;5;100;2
EXPERIMENT_1;yonosoysantiago 127.0.0.1:50001;TAG_#2;92;2023-03-07 21:25:51.0;5;1;5;100;2
EXPERIMENT_1;yonosoysantiago 127.0.0.1:50001;TAG_#3;92;2023-03-07 21:25:51.0;5;1;5;100;2
EXPERIMENT_1;yonosoysantiago 127.0.0.1:50001;TAG_#4;92;2023-03-07 21:25:51.0;5;1;5;100;2
EXPERIMENT_1;yonosoysantiago 127.0.0.1:50001;TAG_#0;11;2023-03-07 21:25:51.0;5;1;5;100;2
EXPERIMENT_1;yonosoysantiago 127.0.0.1:50001;TAG_#1;94;2023-03-07 21:25:51.0;5;1;5;100;2
EXPERIMENT_1;yonosoysantiago 127.0.0.1:50001;TAG_#2;94;2023-03-07 21:25:51.0;5;1;5;100;2
EXPERIMENT_1;yonosoysantiago 127.0.0.1:50001;TAG_#3;94;2023-03-07 21:25:51.0;5;1;5;100;2
EXPERIMENT_1;yonosoysantiago 127.0.0.1:50001;TAG_#4;94;2023-03-07 21:25:51.0;5;1;5;100;2
EXPERIMENT_1;yonosoysantiago 127.0.0.1:50000;TAG_#0;11;2023-03-07 21:25:51.0;5;1;5;100;2
EXPERIMENT_1;yonosoysantiago 127.0.0.1:50000;TAG_#1;94;2023-03-07 21:25:51.0;5;1;5;100;2
EXPERIMENT_1;yonosoysantiago 127.0.0.1:50000;TAG_#2;94;2023-03-07 21:25:51.0;5;1;5;100;2
EXPERIMENT_1;yonosoysantiago 127.0.0.1:50000;TAG_#3;94;2023-03-07 21:25:51.0;5;1;5;100;2
EXPERIMENT_1;yonosoysantiago 127.0.0.1:50000;TAG_#4;94;2023-03-07 21:25:51.0;5;1;5;100;2
EXPERIMENT_1;yonosoysantiago 127.0.0.1:50001;TAG_#0;92;2023-03-07 21:25:51.0;5;1;5;100;2
EXPERIMENT_1;yonosoysantiago 127.0.0.1:50001;TAG_#1;34;2023-03-07 21:25:51.0;5;1;5;100;2
EXPERIMENT_1;yonosoysantiago 127.0.0.1:50001;TAG_#2;34;2023-03-07 21:25:51.0;5;1;5;100;2
EXPERIMENT_1;yonosoysantiago 127.0.0.1:50001;TAG_#3;34;2023-03-07 21:25:51.0;5;1;5;100;2
EXPERIMENT_1;yonosoysantiago 127.0.0.1:50001;TAG_#4;34;2023-03-07 21:25:51.0;5;1;5;100;2
EXPERIMENT_1;yonosoysantiago 127.0.0.1:50000;TAG_#0;34;2023-03-07 21:25:51.0;5;1;5;100;2
EXPERIMENT_1;yonosoysantiago 127.0.0.1:50000;TAG_#1;34;2023-03-07 21:25:51.0;5;1;5;100;2
EXPERIMENT_1;yonosoysantiago 127.0.0.1:50000;TAG_#2;34;2023-03-07 21:25:51.0;5;1;5;100;2
EXPERIMENT_1;yonosoysantiago 127.0.0.1:50000;TAG_#3;34;2023-03-07 21:25:51.0;5;1;5;100;2
EXPERIMENT_1;yonosoysantiago 127.0.0.1:50000;TAG_#4;34;2023-03-07 21:25:51.0;5;1;5;100;2
EXPERIMENT_1;yonosoysantiago 127.0.0.1:50000;TAG_#0;9;2023-03-07 21:25:52.0;5;1;5;100;2
EXPERIMENT_1;yonosoysantiago 127.0.0.1:50000;TAG_#1;9;2023-03-07 21:25:52.0;5;1;5;100;2
EXPERIMENT_1;yonosoysantiago 127.0.0.1:50000;TAG_#2;9;2023-03-07 21:25:52.0;5;1;5;100;2
EXPERIMENT_1;yonosoysantiago 127.0.0.1:50000;TAG_#3;9;2023-03-07 21:25:52.0;5;1;5;100;2
EXPERIMENT_1;yonosoysantiago 127.0.0.1:50000;TAG_#4;9;2023-03-07 21:25:52.0;5;1;5;100;2
EXPERIMENT_1;yonosoysantiago 127.0.0.1:50001;TAG_#0;9;2023-03-07 21:25:52.0;5;1;5;100;2
EXPERIMENT_1;yonosoysantiago 127.0.0.1:50001;TAG_#1;9;2023-03-07 21:25:52.0;5;1;5;100;2
EXPERIMENT_1;yonosoysantiago 127.0.0.1:50001;TAG_#2;9;2023-03-07 21:25:52.0;5;1;5;100;2
EXPERIMENT_1;yonosoysantiago 127.0.0.1:50001;TAG_#3;9;2023-03-07 21:25:52.0;5;1;5;100;2
EXPERIMENT_1;yonosoysantiago 127.0.0.1:50001;TAG_#4;9;2023-03-07 21:25:52.0;5;1;5;100;2
EXPERIMENT_1;yonosoysantiago 127.0.0.1:50000;TAG_#0;9;2023-03-07 21:25:52.0;5;1;5;100;2
EXPERIMENT_1;yonosoysantiago 127.0.0.1:50000;TAG_#1;9;2023-03-07 21:25:52.0;5;1;5;100;2
EXPERIMENT_1;yonosoysantiago 127.0.0.1:50000;TAG_#2;9;2023-03-07 21:25:52.0;5;1;5;100;2
EXPERIMENT_1;yonosoysantiago 127.0.0.1:50000;TAG_#3;9;2023-03-07 21:25:52.0;5;1;5;100;2
EXPERIMENT_1;yonosoysantiago 127.0.0.1:50000;TAG_#4;9;2023-03-07 21:25:52.0;5;1;5;100;2
EXPERIMENT_1;yonosoysantiago 127.0.0.1:50001;TAG_#0;9;2023-03-07 21:25:52.0;5;1;5;100;2
EXPERIMENT_1;yonosoysantiago 127.0.0.1:50001;TAG_#1;9;2023-03-07 21:25:52.0;5;1;5;100;2
EXPERIMENT_1;yonosoysantiago 127.0.0.1:50001;TAG_#2;9;2023-03-07 21:25:52.0;5;1;5;100;2
EXPERIMENT_1;yonosoysantiago 127.0.0.1:50001;TAG_#3;9;2023-03-07 21:25:52.0;5;1;5;100;2
EXPERIMENT_1;yonosoysantiago 127.0.0.1:50001;TAG_#4;9;2023-03-07 21:25:52.0;5;1;5;100;2
EXPERIMENT_1;yonosoysantiago 127.0.0.1:50000;TAG_#0;22;2023-03-07 21:25:52.0;5;1;5;100;2
EXPERIMENT_1;yonosoysantiago 127.0.0.1:50000;TAG_#1;22;2023-03-07 21:25:52.0;5;1;5;100;2
EXPERIMENT_1;yonosoysantiago 127.0.0.1:50000;TAG_#2;22;2023-03-07 21:25:52.0;5;1;5;100;2
EXPERIMENT_1;yonosoysantiago 127.0.0.1:50000;TAG_#3;22;2023-03-07 21:25:52.0;5;1;5;100;2
EXPERIMENT_1;yonosoysantiago 127.0.0.1:50000;TAG_#4;22;2023-03-07 21:25:52.0;5;1;5;100;2
EXPERIMENT_1;yonosoysantiago 127.0.0.1:50001;TAG_#0;22;2023-03-07 21:25:52.0;5;1;5;100;2
EXPERIMENT_1;yonosoysantiago 127.0.0.1:50001;TAG_#1;22;2023-03-07 21:25:52.0;5;1;5;100;2
EXPERIMENT_1;yonosoysantiago 127.0.0.1:50001;TAG_#2;22;2023-03-07 21:25:52.0;5;1;5;100;2
EXPERIMENT_1;yonosoysantiago 127.0.0.1:50001;TAG_#3;22;2023-03-07 21:25:52.0;5;1;5;100;2
EXPERIMENT_1;yonosoysantiago 127.0.0.1:50001;TAG_#4;22;2023-03-07 21:25:52.0;5;1;5;100;2
EXPERIMENT_1;yonosoysantiago 127.0.0.1:50000;TAG_#0;60;2023-03-07 21:25:52.0;5;1;5;100;2
EXPERIMENT_1;yonosoysantiago 127.0.0.1:50000;TAG_#1;60;2023-03-07 21:25:52.0;5;1;5;100;2
EXPERIMENT_1;yonosoysantiago 127.0.0.1:50000;TAG_#2;60;2023-03-07 21:25:52.0;5;1;5;100;2
EXPERIMENT_1;yonosoysantiago 127.0.0.1:50000;TAG_#3;60;2023-03-07 21:25:52.0;5;1;5;100;2
EXPERIMENT_1;yonosoysantiago 127.0.0.1:50000;TAG_#4;60;2023-03-07 21:25:52.0;5;1;5;100;2
EXPERIMENT_1;yonosoysantiago 127.0.0.1:50001;TAG_#0;60;2023-03-07 21:25:52.0;5;1;5;100;2
EXPERIMENT_1;yonosoysantiago 127.0.0.1:50001;TAG_#1;60;2023-03-07 21:25:52.0;5;1;5;100;2
EXPERIMENT_1;yonosoysantiago 127.0.0.1:50001;TAG_#2;60;2023-03-07 21:25:52.0;5;1;5;100;2
EXPERIMENT_1;yonosoysantiago 127.0.0.1:50001;TAG_#3;60;2023-03-07 21:25:52.0;5;1;5;100;2
EXPERIMENT_1;yonosoysantiago 127.0.0.1:50001;TAG_#4;60;2023-03-07 21:25:52.0;5;1;5;100;2
EXPERIMENT_1;yonosoysantiago 127.0.0.1:50001;TAG_#0;12;2023-03-07 21:25:52.0;5;1;5;100;2
EXPERIMENT_1;yonosoysantiago 127.0.0.1:50001;TAG_#1;12;2023-03-07 21:25:52.0;5;1;5;100;2
EXPERIMENT_1;yonosoysantiago 127.0.0.1:50001;TAG_#2;12;2023-03-07 21:25:52.0;5;1;5;100;2
EXPERIMENT_1;yonosoysantiago 127.0.0.1:50001;TAG_#3;12;2023-03-07 21:25:52.0;5;1;5;100;2
EXPERIMENT_1;yonosoysantiago 127.0.0.1:50001;TAG_#4;12;2023-03-07 21:25:52.0;5;1;5;100;2
EXPERIMENT_1;yonosoysantiago 127.0.0.1:50000;TAG_#0;12;2023-03-07 21:25:52.0;5;1;5;100;2
EXPERIMENT_1;yonosoysantiago 127.0.0.1:50000;TAG_#1;12;2023-03-07 21:25:52.0;5;1;5;100;2
EXPERIMENT_1;yonosoysantiago 127.0.0.1:50000;TAG_#2;12;2023-03-07 21:25:52.0;5;1;5;100;2
EXPERIMENT_1;yonosoysantiago 127.0.0.1:50000;TAG_#3;12;2023-03-07 21:25:52.0;5;1;5;100;2
EXPERIMENT_1;yonosoysantiago 127.0.0.1:50000;TAG_#4;12;2023-03-07 21:25:52.0;5;1;5;100;2
EXPERIMENT_1;yonosoysantiago 127.0.0.1:50001;TAG_#0;95;2023-03-07 21:25:52.0;5;1;5;100;2
EXPERIMENT_1;yonosoysantiago 127.0.0.1:50001;TAG_#1;95;2023-03-07 21:25:52.0;5;1;5;100;2
EXPERIMENT_1;yonosoysantiago 127.0.0.1:50001;TAG_#2;95;2023-03-07 21:25:52.0;5;1;5;100;2
EXPERIMENT_1;yonosoysantiago 127.0.0.1:50001;TAG_#3;95;2023-03-07 21:25:52.0;5;1;5;100;2
EXPERIMENT_1;yonosoysantiago 127.0.0.1:50001;TAG_#4;95;2023-03-07 21:25:52.0;5;1;5;100;2
EXPERIMENT_1;yonosoysantiago 127.0.0.1:50000;TAG_#0;95;2023-03-07 21:25:52.0;5;1;5;100;2
EXPERIMENT_1;yonosoysantiago 127.0.0.1:50000;TAG_#1;95;2023-03-07 21:25:52.0;5;1;5;100;2
EXPERIMENT_1;yonosoysantiago 127.0.0.1:50000;TAG_#2;95;2023-03-07 21:25:52.0;5;1;5;100;2
EXPERIMENT_1;yonosoysantiago 127.0.0.1:50000;TAG_#3;95;2023-03-07 21:25:52.0;5;1;5;100;2
EXPERIMENT_1;yonosoysantiago 127.0.0.1:50000;TAG_#4;95;2023-03-07 21:25:52.0;5;1;5;100;2
EXPERIMENT_1;yonosoysantiago 127.0.0.1:50000;TAG_#0;46;2023-03-07 21:25:52.0;5;1;5;100;2
EXPERIMENT_1;yonosoysantiago 127.0.0.1:50000;TAG_#1;46;2023-03-07 21:25:52.0;5;1;5;100;2
EXPERIMENT_1;yonosoysantiago 127.0.0.1:50000;TAG_#2;46;2023-03-07 21:25:52.0;5;1;5;100;2
EXPERIMENT_1;yonosoysantiago 127.0.0.1:50000;TAG_#3;46;2023-03-07 21:25:52.0;5;1;5;100;2
EXPERIMENT_1;yonosoysantiago 127.0.0.1:50000;TAG_#4;46;2023-03-07 21:25:52.0;5;1;5;100;2
EXPERIMENT_1;yonosoysantiago 127.0.0.1:50001;TAG_#0;46;2023-03-07 21:25:52.0;5;1;5;100;2
EXPERIMENT_1;yonosoysantiago 127.0.0.1:50001;TAG_#1;46;2023-03-07 21:25:52.0;5;1;5;100;2
EXPERIMENT_1;yonosoysantiago 127.0.0.1:50001;TAG_#2;46;2023-03-07 21:25:52.0;5;1;5;100;2
EXPERIMENT_1;yonosoysantiago 127.0.0.1:50001;TAG_#3;46;2023-03-07 21:25:52.0;5;1;5;100;2
EXPERIMENT_1;yonosoysantiago 127.0.0.1:50001;TAG_#4;46;2023-03-07 21:25:52.0;5;1;5;100;2
EXPERIMENT_1;yonosoysantiago 127.0.0.1:50000;TAG_#0;58;2023-03-07 21:25:52.0;5;1;5;100;2
EXPERIMENT_1;yonosoysantiago 127.0.0.1:50000;TAG_#1;58;2023-03-07 21:25:52.0;5;1;5;100;2
EXPERIMENT_1;yonosoysantiago 127.0.0.1:50000;TAG_#2;58;2023-03-07 21:25:52.0;5;1;5;100;2
EXPERIMENT_1;yonosoysantiago 127.0.0.1:50000;TAG_#3;58;2023-03-07 21:25:52.0;5;1;5;100;2
EXPERIMENT_1;yonosoysantiago 127.0.0.1:50000;TAG_#4;58;2023-03-07 21:25:52.0;5;1;5;100;2
EXPERIMENT_1;yonosoysantiago 127.0.0.1:50001;TAG_#0;58;2023-03-07 21:25:52.0;5;1;5;100;2
EXPERIMENT_1;yonosoysantiago 127.0.0.1:50001;TAG_#1;58;2023-03-07 21:25:52.0;5;1;5;100;2
EXPERIMENT_1;yonosoysantiago 127.0.0.1:50001;TAG_#2;58;2023-03-07 21:25:52.0;5;1;5;100;2
EXPERIMENT_1;yonosoysantiago 127.0.0.1:50001;TAG_#3;58;2023-03-07 21:25:52.0;5;1;5;100;2
EXPERIMENT_1;yonosoysantiago 127.0.0.1:50001;TAG_#4;10;2023-03-07 21:25:52.0;5;1;5;100;2
EXPERIMENT_1;yonosoysantiago 127.0.0.1:50001;TAG_#0;57;2023-03-07 21:25:52.0;5;1;5;100;2
EXPERIMENT_1;yonosoysantiago 127.0.0.1:50001;TAG_#1;57;2023-03-07 21:25:52.0;5;1;5;100;2
EXPERIMENT_1;yonosoysantiago 127.0.0.1:50001;TAG_#2;57;2023-03-07 21:25:52.0;5;1;5;100;2
EXPERIMENT_1;yonosoysantiago 127.0.0.1:50001;TAG_#3;57;2023-03-07 21:25:52.0;5;1;5;100;2
EXPERIMENT_1;yonosoysantiago 127.0.0.1:50001;TAG_#4;57;2023-03-07 21:25:52.0;5;1;5;100;2
EXPERIMENT_1;yonosoysantiago 127.0.0.1:50000;TAG_#0;47;2023-03-07 21:25:52.0;5;1;5;100;2
EXPERIMENT_1;yonosoysantiago 127.0.0.1:50000;TAG_#1;57;2023-03-07 21:25:52.0;5;1;5;100;2
EXPERIMENT_1;yonosoysantiago 127.0.0.1:50000;TAG_#2;57;2023-03-07 21:25:52.0;5;1;5;100;2
EXPERIMENT_1;yonosoysantiago 127.0.0.1:50000;TAG_#3;57;2023-03-07 21:25:52.0;5;1;5;100;2
EXPERIMENT_1;yonosoysantiago 127.0.0.1:50000;TAG_#4;57;2023-03-07 21:25:52.0;5;1;5;100;2
EXPERIMENT_1;yonosoysantiago 127.0.0.1:50001;TAG_#0;63;2023-03-07 21:25:52.0;5;1;5;100;2
EXPERIMENT_1;yonosoysantiago 127.0.0.1:50001;TAG_#1;63;2023-03-07 21:25:52.0;5;1;5;100;2
EXPERIMENT_1;yonosoysantiago 127.0.0.1:50001;TAG_#2;63;2023-03-07 21:25:52.0;5;1;5;100;2
EXPERIMENT_1;yonosoysantiago 127.0.0.1:50001;TAG_#3;63;2023-03-07 21:25:52.0;5;1;5;100;2
EXPERIMENT_1;yonosoysantiago 127.0.0.1:50001;TAG_#4;63;2023-03-07 21:25:52.0;5;1;5;100;2
EXPERIMENT_1;yonosoysantiago 127.0.0.1:50000;TAG_#0;63;2023-03-07 21:25:52.0;5;1;5;100;2
EXPERIMENT_1;yonosoysantiago 127.0.0.1:50000;TAG_#1;63;2023-03-07 21:25:52.0;5;1;5;100;2
EXPERIMENT_1;yonosoysantiago 127.0.0.1:50000;TAG_#2;39;2023-03-07 21:25:52.0;5;1;5;100;2
EXPERIMENT_1;yonosoysantiago 127.0.0.1:50000;TAG_#3;39;2023-03-07 21:25:52.0;5;1;5;100;2
EXPERIMENT_1;yonosoysantiago 127.0.0.1:50000;TAG_#4;39;2023-03-07 21:25:52.0;5;1;5;100;2
EXPERIMENT_1;yonosoysantiago 127.0.0.1:50000;TAG_#0;66;2023-03-07 21:25:53.0;5;1;5;100;2
EXPERIMENT_1;yonosoysantiago 127.0.0.1:50000;TAG_#1;66;2023-03-07 21:25:53.0;5;1;5;100;2
EXPERIMENT_1;yonosoysantiago 127.0.0.1:50000;TAG_#2;66;2023-03-07 21:25:53.0;5;1;5;100;2
EXPERIMENT_1;yonosoysantiago 127.0.0.1:50000;TAG_#3;66;2023-03-07 21:25:53.0;5;1;5;100;2
EXPERIMENT_1;yonosoysantiago 127.0.0.1:50000;TAG_#4;66;2023-03-07 21:25:53.0;5;1;5;100;2
EXPERIMENT_1;yonosoysantiago 127.0.0.1:50001;TAG_#0;66;2023-03-07 21:25:53.0;5;1;5;100;2
EXPERIMENT_1;yonosoysantiago 127.0.0.1:50001;TAG_#1;66;2023-03-07 21:25:53.0;5;1;5;100;2
EXPERIMENT_1;yonosoysantiago 127.0.0.1:50001;TAG_#2;66;2023-03-07 21:25:53.0;5;1;5;100;2
EXPERIMENT_1;yonosoysantiago 127.0.0.1:50001;TAG_#3;66;2023-03-07 21:25:53.0;5;1;5;100;2
EXPERIMENT_1;yonosoysantiago 127.0.0.1:50001;TAG_#4;66;2023-03-07 21:25:53.0;5;1;5;100;2
EXPERIMENT_1;yonosoysantiago 127.0.0.1:50000;TAG_#0;62;2023-03-07 21:25:53.0;5;1;5;100;2
EXPERIMENT_1;yonosoysantiago 127.0.0.1:50000;TAG_#1;62;2023-03-07 21:25:53.0;5;1;5;100;2
EXPERIMENT_1;yonosoysantiago 127.0.0.1:50000;TAG_#2;62;2023-03-07 21:25:53.0;5;1;5;100;2
EXPERIMENT_1;yonosoysantiago 127.0.0.1:50000;TAG_#3;62;2023-03-07 21:25:53.0;5;1;5;100;2
EXPERIMENT_1;yonosoysantiago 127.0.0.1:50000;TAG_#4;62;2023-03-07 21:25:53.0;5;1;5;100;2
EXPERIMENT_1;yonosoysantiago 127.0.0.1:50001;TAG_#0;11;2023-03-07 21:25:53.0;5;1;5;100;2
EXPERIMENT_1;yonosoysantiago 127.0.0.1:50001;TAG_#1;11;2023-03-07 21:25:53.0;5;1;5;100;2
EXPERIMENT_1;yonosoysantiago 127.0.0.1:50001;TAG_#2;11;2023-03-07 21:25:53.0;5;1;5;100;2
EXPERIMENT_1;yonosoysantiago 127.0.0.1:50001;TAG_#3;11;2023-03-07 21:25:53.0;5;1;5;100;2
EXPERIMENT_1;yonosoysantiago 127.0.0.1:50001;TAG_#4;11;2023-03-07 21:25:53.0;5;1;5;100;2
EXPERIMENT_1;yonosoysantiago 127.0.0.1:50000;TAG_#0;88;2023-03-07 21:25:53.0;5;1;5;100;2
EXPERIMENT_1;yonosoysantiago 127.0.0.1:50000;TAG_#1;88;2023-03-07 21:25:53.0;5;1;5;100;2
EXPERIMENT_1;yonosoysantiago 127.0.0.1:50000;TAG_#2;88;2023-03-07 21:25:53.0;5;1;5;100;2
EXPERIMENT_1;yonosoysantiago 127.0.0.1:50000;TAG_#3;88;2023-03-07 21:25:53.0;5;1;5;100;2
EXPERIMENT_1;yonosoysantiago 127.0.0.1:50000;TAG_#4;88;2023-03-07 21:25:53.0;5;1;5;100;2
EXPERIMENT_1;yonosoysantiago 127.0.0.1:50001;TAG_#0;82;2023-03-07 21:25:53.0;5;1;5;100;2
EXPERIMENT_1;yonosoysantiago 127.0.0.1:50001;TAG_#1;1;2023-03-07 21:25:53.0;5;1;5;100;2
EXPERIMENT_1;yonosoysantiago 127.0.0.1:50001;TAG_#2;1;2023-03-07 21:25:53.0;5;1;5;100;2
EXPERIMENT_1;yonosoysantiago 127.0.0.1:50001;TAG_#3;1;2023-03-07 21:25:53.0;5;1;5;100;2
EXPERIMENT_1;yonosoysantiago 127.0.0.1:50001;TAG_#4;1;2023-03-07 21:25:53.0;5;1;5;100;2
EXPERIMENT_1;yonosoysantiago 127.0.0.1:50000;TAG_#0;38;2023-03-07 21:25:53.0;5;1;5;100;2
EXPERIMENT_1;yonosoysantiago 127.0.0.1:50000;TAG_#1;38;2023-03-07 21:25:53.0;5;1;5;100;2
EXPERIMENT_1;yonosoysantiago 127.0.0.1:50000;TAG_#2;38;2023-03-07 21:25:53.0;5;1;5;100;2
EXPERIMENT_1;yonosoysantiago 127.0.0.1:50000;TAG_#3;38;2023-03-07 21:25:53.0;5;1;5;100;2
EXPERIMENT_1;yonosoysantiago 127.0.0.1:50000;TAG_#4;38;2023-03-07 21:25:53.0;5;1;5;100;2
EXPERIMENT_1;yonosoysantiago 127.0.0.1:50001;TAG_#0;50;2023-03-07 21:25:53.0;5;1;5;100;2
EXPERIMENT_1;yonosoysantiago 127.0.0.1:50001;TAG_#1;50;2023-03-07 21:25:53.0;5;1;5;100;2
EXPERIMENT_1;yonosoysantiago 127.0.0.1:50001;TAG_#2;50;2023-03-07 21:25:53.0;5;1;5;100;2
EXPERIMENT_1;yonosoysantiago 127.0.0.1:50001;TAG_#3;50;2023-03-07 21:25:53.0;5;1;5;100;2
EXPERIMENT_1;yonosoysantiago 127.0.0.1:50001;TAG_#4;50;2023-03-07 21:25:53.0;5;1;5;100;2
EXPERIMENT_1;yonosoysantiago 127.0.0.1:50000;TAG_#0;85;2023-03-07 21:25:53.0;5;1;5;100;2
EXPERIMENT_1;yonosoysantiago 127.0.0.1:50000;TAG_#1;85;2023-03-07 21:25:53.0;5;1;5;100;2
EXPERIMENT_1;yonosoysantiago 127.0.0.1:50000;TAG_#2;85;2023-03-07 21:25:53.0;5;1;5;100;2
EXPERIMENT_1;yonosoysantiago 127.0.0.1:50000;TAG_#3;85;2023-03-07 21:25:53.0;5;1;5;100;2
EXPERIMENT_1;yonosoysantiago 127.0.0.1:50000;TAG_#4;85;2023-03-07 21:25:53.0;5;1;5;100;2
EXPERIMENT_1;yonosoysantiago 127.0.0.1:50001;TAG_#0;85;2023-03-07 21:25:53.0;5;1;5;100;2
EXPERIMENT_1;yonosoysantiago 127.0.0.1:50001;TAG_#1;45;2023-03-07 21:25:53.0;5;1;5;100;2
EXPERIMENT_1;yonosoysantiago 127.0.0.1:50001;TAG_#2;45;2023-03-07 21:25:53.0;5;1;5;100;2
EXPERIMENT_1;yonosoysantiago 127.0.0.1:50001;TAG_#3;45;2023-03-07 21:25:53.0;5;1;5;100;2
EXPERIMENT_1;yonosoysantiago 127.0.0.1:50001;TAG_#4;45;2023-03-07 21:25:53.0;5;1;5;100;2
EXPERIMENT_1;yonosoysantiago 127.0.0.1:50000;TAG_#0;2;2023-03-07 21:25:53.0;5;1;5;100;2
EXPERIMENT_1;yonosoysantiago 127.0.0.1:50000;TAG_#1;2;2023-03-07 21:25:53.0;5;1;5;100;2
EXPERIMENT_1;yonosoysantiago 127.0.0.1:50000;TAG_#2;2;2023-03-07 21:25:53.0;5;1;5;100;2
EXPERIMENT_1;yonosoysantiago 127.0.0.1:50000;TAG_#3;2;2023-03-07 21:25:53.0;5;1;5;100;2
EXPERIMENT_1;yonosoysantiago 127.0.0.1:50000;TAG_#4;2;2023-03-07 21:25:53.0;5;1;5;100;2
EXPERIMENT_1;yonosoysantiago 127.0.0.1:50001;TAG_#0;2;2023-03-07 21:25:53.0;5;1;5;100;2
EXPERIMENT_1;yonosoysantiago 127.0.0.1:50001;TAG_#1;54;2023-03-07 21:25:53.0;5;1;5;100;2
EXPERIMENT_1;yonosoysantiago 127.0.0.1:50001;TAG_#2;54;2023-03-07 21:25:53.0;5;1;5;100;2
EXPERIMENT_1;yonosoysantiago 127.0.0.1:50001;TAG_#3;54;2023-03-07 21:25:53.0;5;1;5;100;2
EXPERIMENT_1;yonosoysantiago 127.0.0.1:50001;TAG_#4;54;2023-03-07 21:25:53.0;5;1;5;100;2
EXPERIMENT_1;yonosoysantiago 127.0.0.1:50000;TAG_#0;90;2023-03-07 21:25:53.0;5;1;5;100;2
EXPERIMENT_1;yonosoysantiago 127.0.0.1:50000;TAG_#1;90;2023-03-07 21:25:53.0;5;1;5;100;2
EXPERIMENT_1;yonosoysantiago 127.0.0.1:50000;TAG_#2;90;2023-03-07 21:25:53.0;5;1;5;100;2
EXPERIMENT_1;yonosoysantiago 127.0.0.1:50000;TAG_#3;90;2023-03-07 21:25:53.0;5;1;5;100;2
EXPERIMENT_1;yonosoysantiago 127.0.0.1:50000;TAG_#4;90;2023-03-07 21:25:53.0;5;1;5;100;2
EXPERIMENT_1;yonosoysantiago 127.0.0.1:50001;TAG_#0;90;2023-03-07 21:25:53.0;5;1;5;100;2
EXPERIMENT_1;yonosoysantiago 127.0.0.1:50001;TAG_#1;90;2023-03-07 21:25:53.0;5;1;5;100;2
EXPERIMENT_1;yonosoysantiago 127.0.0.1:50001;TAG_#2;90;2023-03-07 21:25:53.0;5;1;5;100;2
EXPERIMENT_1;yonosoysantiago 127.0.0.1:50001;TAG_#3;90;2023-03-07 21:25:53.0;5;1;5;100;2
EXPERIMENT_1;yonosoysantiago 127.0.0.1:50001;TAG_#4;90;2023-03-07 21:25:53.0;5;1;5;100;2
EXPERIMENT_1;yonosoysantiago 127.0.0.1:50000;TAG_#0;37;2023-03-07 21:25:53.0;5;1;5;100;2
EXPERIMENT_1;yonosoysantiago 127.0.0.1:50000;TAG_#1;37;2023-03-07 21:25:53.0;5;1;5;100;2
EXPERIMENT_1;yonosoysantiago 127.0.0.1:50000;TAG_#2;37;2023-03-07 21:25:53.0;5;1;5;100;2
EXPERIMENT_1;yonosoysantiago 127.0.0.1:50000;TAG_#3;37;2023-03-07 21:25:53.0;5;1;5;100;2
EXPERIMENT_1;yonosoysantiago 127.0.0.1:50000;TAG_#4;37;2023-03-07 21:25:53.0;5;1;5;100;2
EXPERIMENT_1;yonosoysantiago 127.0.0.1:50001;TAG_#0;61;2023-03-07 21:25:53.0;5;1;5;100;2
EXPERIMENT_1;yonosoysantiago 127.0.0.1:50001;TAG_#1;61;2023-03-07 21:25:53.0;5;1;5;100;2
EXPERIMENT_1;yonosoysantiago 127.0.0.1:50001;TAG_#2;61;2023-03-07 21:25:53.0;5;1;5;100;2
EXPERIMENT_1;yonosoysantiago 127.0.0.1:50001;TAG_#3;61;2023-03-07 21:25:53.0;5;1;5;100;2
EXPERIMENT_1;yonosoysantiago 127.0.0.1:50001;TAG_#4;61;2023-03-07 21:25:53.0;5;1;5;100;2
EXPERIMENT_1;yonosoysantiago 127.0.0.1:50000;TAG_#0;63;2023-03-07 21:25:53.0;5;1;5;100;2
EXPERIMENT_1;yonosoysantiago 127.0.0.1:50000;TAG_#1;63;2023-03-07 21:25:53.0;5;1;5;100;2
EXPERIMENT_1;yonosoysantiago 127.0.0.1:50000;TAG_#2;63;2023-03-07 21:25:53.0;5;1;5;100;2
EXPERIMENT_1;yonosoysantiago 127.0.0.1:50000;TAG_#3;63;2023-03-07 21:25:53.0;5;1;5;100;2
EXPERIMENT_1;yonosoysantiago 127.0.0.1:50000;TAG_#4;63;2023-03-07 21:25:53.0;5;1;5;100;2
EXPERIMENT_1;yonosoysantiago 127.0.0.1:50001;TAG_#0;72;2023-03-07 21:25:53.0;5;1;5;100;2
EXPERIMENT_1;yonosoysantiago 127.0.0.1:50001;TAG_#1;72;2023-03-07 21:25:53.0;5;1;5;100;2
EXPERIMENT_1;yonosoysantiago 127.0.0.1:50001;TAG_#2;72;2023-03-07 21:25:53.0;5;1;5;100;2
EXPERIMENT_1;yonosoysantiago 127.0.0.1:50001;TAG_#3;72;2023-03-07 21:25:53.0;5;1;5;100;2
EXPERIMENT_1;yonosoysantiago 127.0.0.1:50001;TAG_#4;72;2023-03-07 21:25:53.0;5;1;5;100;2
EXPERIMENT_1;yonosoysantiago 127.0.0.1:50000;TAG_#0;43;2023-03-07 21:25:53.0;5;1;5;100;2
EXPERIMENT_1;yonosoysantiago 127.0.0.1:50000;TAG_#1;43;2023-03-07 21:25:53.0;5;1;5;100;2
EXPERIMENT_1;yonosoysantiago 127.0.0.1:50000;TAG_#2;43;2023-03-07 21:25:53.0;5;1;5;100;2
EXPERIMENT_1;yonosoysantiago 127.0.0.1:50000;TAG_#3;43;2023-03-07 21:25:53.0;5;1;5;100;2
EXPERIMENT_1;yonosoysantiago 127.0.0.1:50000;TAG_#4;43;2023-03-07 21:25:53.0;5;1;5;100;2
EXPERIMENT_1;yonosoysantiago 127.0.0.1:50001;TAG_#0;29;2023-03-07 21:25:53.0;5;1;5;100;2
EXPERIMENT_1;yonosoysantiago 127.0.0.1:50001;TAG_#1;29;2023-03-07 21:25:53.0;5;1;5;100;2
EXPERIMENT_1;yonosoysantiago 127.0.0.1:50001;TAG_#2;29;2023-03-07 21:25:53.0;5;1;5;100;2
EXPERIMENT_1;yonosoysantiago 127.0.0.1:50001;TAG_#3;29;2023-03-07 21:25:53.0;5;1;5;100;2
EXPERIMENT_1;yonosoysantiago 127.0.0.1:50001;TAG_#4;29;2023-03-07 21:25:53.0;5;1;5;100;2
EXPERIMENT_1;yonosoysantiago 127.0.0.1:50000;TAG_#0;97;2023-03-07 21:25:54.0;5;1;5;100;2
EXPERIMENT_1;yonosoysantiago 127.0.0.1:50000;TAG_#1;97;2023-03-07 21:25:54.0;5;1;5;100;2
EXPERIMENT_1;yonosoysantiago 127.0.0.1:50000;TAG_#2;97;2023-03-07 21:25:54.0;5;1;5;100;2
EXPERIMENT_1;yonosoysantiago 127.0.0.1:50000;TAG_#3;97;2023-03-07 21:25:54.0;5;1;5;100;2
EXPERIMENT_1;yonosoysantiago 127.0.0.1:50000;TAG_#4;97;2023-03-07 21:25:54.0;5;1;5;100;2
EXPERIMENT_1;yonosoysantiago 127.0.0.1:50001;TAG_#0;24;2023-03-07 21:25:54.0;5;1;5;100;2
EXPERIMENT_1;yonosoysantiago 127.0.0.1:50001;TAG_#1;24;2023-03-07 21:25:54.0;5;1;5;100;2
EXPERIMENT_1;yonosoysantiago 127.0.0.1:50001;TAG_#2;24;2023-03-07 21:25:54.0;5;1;5;100;2
EXPERIMENT_1;yonosoysantiago 127.0.0.1:50001;TAG_#3;24;2023-03-07 21:25:54.0;5;1;5;100;2
EXPERIMENT_1;yonosoysantiago 127.0.0.1:50001;TAG_#4;24;2023-03-07 21:25:54.0;5;1;5;100;2
EXPERIMENT_1;yonosoysantiago 127.0.0.1:50000;TAG_#0;66;2023-03-07 21:25:54.0;5;1;5;100;2
EXPERIMENT_1;yonosoysantiago 127.0.0.1:50000;TAG_#1;66;2023-03-07 21:25:54.0;5;1;5;100;2
EXPERIMENT_1;yonosoysantiago 127.0.0.1:50000;TAG_#2;66;2023-03-07 21:25:54.0;5;1;5;100;2
EXPERIMENT_1;yonosoysantiago 127.0.0.1:50000;TAG_#3;66;2023-03-07 21:25:54.0;5;1;5;100;2
EXPERIMENT_1;yonosoysantiago 127.0.0.1:50000;TAG_#4;66;2023-03-07 21:25:54.0;5;1;5;100;2
EXPERIMENT_1;yonosoysantiago 127.0.0.1:50001;TAG_#0;20;2023-03-07 21:25:54.0;5;1;5;100;2
EXPERIMENT_1;yonosoysantiago 127.0.0.1:50001;TAG_#1;20;2023-03-07 21:25:54.0;5;1;5;100;2
EXPERIMENT_1;yonosoysantiago 127.0.0.1:50001;TAG_#2;20;2023-03-07 21:25:54.0;5;1;5;100;2
EXPERIMENT_1;yonosoysantiago 127.0.0.1:50001;TAG_#3;20;2023-03-07 21:25:54.0;5;1;5;100;2
EXPERIMENT_1;yonosoysantiago 127.0.0.1:50001;TAG_#4;20;2023-03-07 21:25:54.0;5;1;5;100;2
EXPERIMENT_1;yonosoysantiago 127.0.0.1:50000;TAG_#0;12;2023-03-07 21:25:54.0;5;1;5;100;2
EXPERIMENT_1;yonosoysantiago 127.0.0.1:50000;TAG_#1;12;2023-03-07 21:25:54.0;5;1;5;100;2
EXPERIMENT_1;yonosoysantiago 127.0.0.1:50000;TAG_#2;12;2023-03-07 21:25:54.0;5;1;5;100;2
EXPERIMENT_1;yonosoysantiago 127.0.0.1:50000;TAG_#3;12;2023-03-07 21:25:54.0;5;1;5;100;2
EXPERIMENT_1;yonosoysantiago 127.0.0.1:50000;TAG_#4;12;2023-03-07 21:25:54.0;5;1;5;100;2
EXPERIMENT_1;yonosoysantiago 127.0.0.1:50001;TAG_#0;98;2023-03-07 21:25:54.0;5;1;5;100;2
EXPERIMENT_1;yonosoysantiago 127.0.0.1:50001;TAG_#1;98;2023-03-07 21:25:54.0;5;1;5;100;2
EXPERIMENT_1;yonosoysantiago 127.0.0.1:50001;TAG_#2;98;2023-03-07 21:25:54.0;5;1;5;100;2
EXPERIMENT_1;yonosoysantiago 127.0.0.1:50001;TAG_#3;98;2023-03-07 21:25:54.0;5;1;5;100;2
EXPERIMENT_1;yonosoysantiago 127.0.0.1:50001;TAG_#4;98;2023-03-07 21:25:54.0;5;1;5;100;2
EXPERIMENT_1;yonosoysantiago 127.0.0.1:50000;TAG_#0;65;2023-03-07 21:25:54.0;5;1;5;100;2
EXPERIMENT_1;yonosoysantiago 127.0.0.1:50000;TAG_#1;65;2023-03-07 21:25:54.0;5;1;5;100;2
EXPERIMENT_1;yonosoysantiago 127.0.0.1:50000;TAG_#2;65;2023-03-07 21:25:54.0;5;1;5;100;2
EXPERIMENT_1;yonosoysantiago 127.0.0.1:50000;TAG_#3;65;2023-03-07 21:25:54.0;5;1;5;100;2
EXPERIMENT_1;yonosoysantiago 127.0.0.1:50000;TAG_#4;65;2023-03-07 21:25:54.0;5;1;5;100;2
EXPERIMENT_1;yonosoysantiago 127.0.0.1:50001;TAG_#0;63;2023-03-07 21:25:54.0;5;1;5;100;2
EXPERIMENT_1;yonosoysantiago 127.0.0.1:50001;TAG_#1;63;2023-03-07 21:25:54.0;5;1;5;100;2
EXPERIMENT_1;yonosoysantiago 127.0.0.1:50001;TAG_#2;63;2023-03-07 21:25:54.0;5;1;5;100;2
EXPERIMENT_1;yonosoysantiago 127.0.0.1:50001;TAG_#3;63;2023-03-07 21:25:54.0;5;1;5;100;2
EXPERIMENT_1;yonosoysantiago 127.0.0.1:50001;TAG_#4;63;2023-03-07 21:25:54.0;5;1;5;100;2
EXPERIMENT_1;yonosoysantiago 127.0.0.1:50000;TAG_#0;84;2023-03-07 21:25:54.0;5;1;5;100;2
EXPERIMENT_1;yonosoysantiago 127.0.0.1:50000;TAG_#1;84;2023-03-07 21:25:54.0;5;1;5;100;2
EXPERIMENT_1;yonosoysantiago 127.0.0.1:50000;TAG_#2;84;2023-03-07 21:25:54.0;5;1;5;100;2
EXPERIMENT_1;yonosoysantiago 127.0.0.1:50000;TAG_#3;84;2023-03-07 21:25:54.0;5;1;5;100;2
EXPERIMENT_1;yonosoysantiago 127.0.0.1:50000;TAG_#4;84;2023-03-07 21:25:54.0;5;1;5;100;2
EXPERIMENT_1;yonosoysantiago 127.0.0.1:50001;TAG_#0;84;2023-03-07 21:25:54.0;5;1;5;100;2
EXPERIMENT_1;yonosoysantiago 127.0.0.1:50001;TAG_#1;84;2023-03-07 21:25:54.0;5;1;5;100;2
EXPERIMENT_1;yonosoysantiago 127.0.0.1:50001;TAG_#2;49;2023-03-07 21:25:54.0;5;1;5;100;2
EXPERIMENT_1;yonosoysantiago 127.0.0.1:50001;TAG_#3;49;2023-03-07 21:25:54.0;5;1;5;100;2
EXPERIMENT_1;yonosoysantiago 127.0.0.1:50001;TAG_#4;49;2023-03-07 21:25:54.0;5;1;5;100;2
EXPERIMENT_1;yonosoysantiago 127.0.0.1:50000;TAG_#0;80;2023-03-07 21:25:54.0;5;1;5;100;2
EXPERIMENT_1;yonosoysantiago 127.0.0.1:50000;TAG_#1;80;2023-03-07 21:25:54.0;5;1;5;100;2
EXPERIMENT_1;yonosoysantiago 127.0.0.1:50000;TAG_#2;80;2023-03-07 21:25:54.0;5;1;5;100;2
EXPERIMENT_1;yonosoysantiago 127.0.0.1:50000;TAG_#3;80;2023-03-07 21:25:54.0;5;1;5;100;2
EXPERIMENT_1;yonosoysantiago 127.0.0.1:50000;TAG_#4;80;2023-03-07 21:25:54.0;5;1;5;100;2
EXPERIMENT_1;yonosoysantiago 127.0.0.1:50001;TAG_#0;35;2023-03-07 21:25:54.0;5;1;5;100;2
EXPERIMENT_1;yonosoysantiago 127.0.0.1:50001;TAG_#1;35;2023-03-07 21:25:54.0;5;1;5;100;2
EXPERIMENT_1;yonosoysantiago 127.0.0.1:50001;TAG_#2;35;2023-03-07 21:25:54.0;5;1;5;100;2
EXPERIMENT_1;yonosoysantiago 127.0.0.1:50001;TAG_#3;35;2023-03-07 21:25:54.0;5;1;5;100;2
EXPERIMENT_1;yonosoysantiago 127.0.0.1:50001;TAG_#4;35;2023-03-07 21:25:54.0;5;1;5;100;2
